PrimaryPropertyType,YearBuilt,NumberofBuildings,NumberofFloors,LargestPropertyUseType,LargestPropertyUseTypeGFA,ENERGYSTARScore,SiteEnergyUseWN(kBtu),TotalGHGEmissions
Hotel,1927,1.0,12,Hotel,88434.0,60.0,7456910.0,249.98
Hotel,1996,1.0,11,Hotel,83880.0,61.0,8664479.0,295.86
Hotel,1969,1.0,41,Hotel,756493.0,43.0,73937112.0,2089.28
Hotel,1926,1.0,10,Hotel,61320.0,56.0,6946800.5,286.43
Other,1999,1.0,2,Other,88830.0,,12581712.0,301.81
Hotel,1926,1.0,11,Hotel,81352.0,27.0,6062767.5,176.14
Other,1926,1.0,8,Other - Entertainment/Public Assembly,102761.0,,7067881.5,221.51
Hotel,1904,1.0,15,Hotel,163984.0,43.0,14194054.0,392.16
Hotel,1969,1.0,11,Hotel,133884.0,30.0,16646930.0,691.26
Hotel,1998,1.0,25,Hotel,336640.0,36.0,27070114.0,740.97
Hotel,1928,1.0,9,Hotel,65009.0,48.0,6358719.5,328.23
Hotel,1980,1.0,33,Hotel,295511.0,58.0,22524948.0,648.62
Hotel,1922,1.0,11,Hotel,67390.0,35.0,11179203.0,511.39
Hotel,1983,1.0,28,Hotel,348329.0,31.0,34351920.0,802.89
Mixed Use Property,1907,1.0,5,Other,16442.0,,7877219.0,273.02
Hotel,1916,1.0,10,Hotel,104352.0,39.0,10154608.0,349.32
Other,1916,1.0,10,Other,537150.0,76.0,47023088.0,1265.29
Other,1985,1.0,19,Other,385274.0,,49539212.0,1699.45
Hotel,2001,1.0,6,Hotel,58006.0,84.0,3673186.75,90.01
Other,1928,1.0,7,College/University,125000.0,,12183313.0,388.04
Other,1930,1.0,2,Other,67224.0,,1310236.625,9.13
Hotel,2001,1.0,10,Hotel,128909.0,57.0,11171407.0,328.63
Hotel,1978,1.0,5,Hotel,47994.0,57.0,4557974.0,128.44
Small- and Mid-Sized Office,1906,1.0,3,Office,40943.0,,4703690.0,157.77
Hotel,1994,1.0,4,Hotel,81871.0,29.0,6731281.5,215.0
Small- and Mid-Sized Office,1961,1.0,2,Office,55586.0,57.0,6536359.5,130.56
Small- and Mid-Sized Office,1900,1.0,2,Office,51029.0,83.0,3150635.5,83.86
Other,1954,1.0,3,K-12 School,175015.0,95.0,7886505.5,247.85
Other,1911,1.0,3,Self-Storage Facility,38439.0,,2331573.25,45.43
Hotel,1969,1.0,24,Hotel,348630.0,67.0,16163194.0,295.33
Other,1920,1.0,2,Other,51747.0,,1239429.75,33.26
Small- and Mid-Sized Office,1910,1.0,8,Office,34947.0,14.0,5242479.5,35.36
Mixed Use Property,1926,1.0,2,Other - Entertainment/Public Assembly,23500.0,,15683742.0,584.31
Hotel,1930,1.0,20,Hotel,83591.0,71.0,5078816.0,59.19
Hotel,1985,1.0,7,Hotel,41340.0,98.0,5348309.0,134.38
Hotel,1908,1.0,7,Hotel,88360.0,99.0,6088417.5,227.18
Hotel,1959,1.0,5,Hotel,70627.0,86.0,5428403.5,144.79
Hotel,2000,1.0,7,Hotel,107547.0,84.0,6835263.5,199.95
Hotel,1997,1.0,6,Hotel,88490.0,80.0,5941927.0,162.39
Hotel,1998,1.0,6,Hotel,155602.0,81.0,6849826.5,152.76
Other,1911,1.0,3,K-12 School,56072.0,76.0,3800842.5,146.34
Hotel,1999,1.0,4,Hotel,78051.0,94.0,5387530.0,171.64
Small- and Mid-Sized Office,1962,1.0,2,Office,54984.0,71.0,3630147.25,87.98
Other,1922,1.0,5,Senior Care Community,296313.0,54.0,45547252.0,1727.11
Other,1970,1.0,2,Senior Care Community,93397.0,1.0,16959754.0,609.1
Hotel,2008,1.0,6,Hotel,63371.0,74.0,3787499.0,67.06
Hotel,1908,1.0,7,Hotel,76631.0,71.0,7250730.5,262.75
Mixed Use Property,1983,1.0,6,Medical Office,40174.0,,15684371.0,481.97
Retail Store,1929,1.0,2,Retail Store,72072.0,96.0,1243027.75,39.06
Hotel,1990,1.0,7,Hotel,235788.0,37.0,20194606.0,526.85
Other,1962,1.0,1,Other,368000.0,,23736924.0,607.41
Other,1962,1.0,1,Other,65000.0,,8181881.0,344.2
Other,1938,1.0,5,Other,278500.0,,21257836.0,804.2
Other,1962,1.0,2,Other,52000.0,,2682242.75,101.83
Other,1928,1.0,1,Other,108000.0,,875943.3125,6.11
Other,1928,1.0,2,Other,296000.0,,20823520.0,490.73
Large Office,2010,1.0,6,Office,729584.0,93.0,38105108.0,674.09
Small- and Mid-Sized Office,1970,1.0,4,Office,48546.0,68.0,3647345.75,48.76
Hotel,1962,2.0,4,Hotel,50017.0,53.0,5528580.5,191.2
Other,1923,1.0,3,K-12 School,67743.0,34.0,3036464.0,78.85
Small- and Mid-Sized Office,2003,1.0,3,Office,63681.0,63.0,4980737.5,34.14
Other,1941,1.0,4,Other,49000.0,,6367210.0,44.32
Other,1929,1.0,2,Other,119146.0,,4384625.5,133.58
Hotel,2001,1.0,4,Hotel,51390.0,89.0,3616214.0,127.29
Hotel,2002,1.0,3,Hotel,70609.0,78.0,3323400.5,89.02
Hotel,1904,1.0,5,Hotel,190980.0,98.0,6505995.0,142.39
Other,1998,1.0,6,Other - Entertainment/Public Assembly,189750.0,,14881950.0,429.12
Other,1954,4.0,5,Other,302661.0,14.0,47602720.0,1990.5
Other,2006,1.0,4,Other,42755.0,,9550716.0,176.75
Other,1910,1.0,4,Other,58000.0,,2095175.25,46.26
Hotel,1996,1.0,4,Hotel,113702.0,76.0,8016521.0,228.4
Other,1915,1.0,3,College/University,64820.0,,3284214.5,74.33
Small- and Mid-Sized Office,2002,1.0,2,Office,92300.0,,16274449.0,222.02
Other,1950,1.0,1,Other,68359.0,,8086930.5,204.08
Small- and Mid-Sized Office,1958,1.0,1,Office,25765.0,,4503671.5,61.21
Other,1980,1.0,2,College/University,52611.0,,4390158.0,104.26
Other,2001,1.0,4,Other,135520.0,89.0,4800620.5,129.39
Other,1971,3.0,6,Other,137565.0,,14196194.0,422.39
Other,2004,1.0,11,Other,250000.0,,66000296.0,2055.82
Retail Store,1951,1.0,1,Retail Store,505103.0,98.0,28763498.0,723.47
Other,1964,1.0,3,Other,47012.0,,7668810.0,231.53
Retail Store,1965,1.0,4,Retail Store,122000.0,76.0,8729918.0,66.3
Other,1953,4.180000000000064,10,Other,879000.0,10.0,257764208.0,8145.52
Other,1996,1.0,3,Other,28636.0,72.0,3313397.0,83.7
Other,1910,1.0,5,Self-Storage Facility,85521.0,,1617801.25,51.11
Warehouse,1937,1.0,1,Non-Refrigerated Warehouse,234144.0,87.0,7874958.5,297.43
Retail Store,1966,1.0,1,Retail Store,65425.0,72.0,3016373.5,35.78
Retail Store,1965,1.0,1,Retail Store,67782.0,37.0,9589728.0,369.14
Other,1973,1.0,3,Other,56000.0,,2088978.125,59.34
Other,1900,1.0,1,Other,43000.0,,7942537.5,225.69
Hotel,1998,1.0,7,Hotel,141591.0,76.0,11754087.0,338.16
Hotel,1968,1.0,4,Hotel,64893.0,70.0,6211749.5,208.26
Small- and Mid-Sized Office,1900,1.0,3,Office,34416.0,78.0,1722053.0,28.27
Other,1999,1.0,6,Other - Entertainment/Public Assembly,886524.7200000013,,62160304.0,892.63
Other,1999,1.0,3,Other - Entertainment/Public Assembly,886524.7200000013,,57406988.0,1246.55
Hotel,2005,1.0,9,Hotel,135006.0,64.0,12871628.0,388.37
Other,2008,1.0,6,Parking,335109.0,,9238992.0,162.41
Other,1990,4.180000000000064,5,Other,601615.0,34.0,147299056.0,4906.33
Warehouse,1991,1.0,3,Non-Refrigerated Warehouse,67236.0,91.0,571637.5,9.63
Other,2000,4.180000000000064,8,Other,886524.7200000013,29.0,296671744.0,10734.57
Other,1999,1.0,5,Senior Care Community,55259.0,,10281401.0,193.94
Other,1928,1.0,2,K-12 School,55500.0,98.0,1597907.25,72.88
Hotel,1931,1.0,16,Hotel,106860.0,49.0,12616417.0,469.57
Small- and Mid-Sized Office,1972,1.0,5,Office,47079.0,62.0,3321734.0,49.09
Other,1914,1.0,7,Other - Entertainment/Public Assembly,109754.0,,6057410.0,57.21
Other,1913,1.0,9,Other,63934.0,76.0,5879083.0,254.87
Other,1955,1.0,15,Other,203000.0,,61674856.0,433.6
Other,1973,1.0,1,Other,77810.0,,3576720.0,101.41
Other,1927,1.0,5,Medical Office,146741.0,1.0,28731502.0,661.04
Hotel,1961,1.0,4,Hotel,122309.0,8.0,26122018.0,1060.13
Hotel,2003,1.0,8,Hotel,277000.0,29.0,26831896.0,780.84
Other,1980,1.0,2,Other - Entertainment/Public Assembly,69400.0,,15230290.0,301.76
Warehouse,2008,1.0,4,Non-Refrigerated Warehouse,159372.0,72.0,3944732.0,26.39
Small- and Mid-Sized Office,1981,1.0,4,Office,62108.0,57.0,5168686.5,68.19
Large Office,1978,1.0,12,Office,173786.0,39.0,18811322.0,149.27
Large Office,1989,1.0,25,Office,383942.0,74.0,24755086.0,172.58
Retail Store,1925,1.0,10,Retail Store,361107.0,93.0,40037736.0,398.19
Small- and Mid-Sized Office,1926,1.0,10,Office,45260.0,90.0,3826622.5,170.51
Large Office,1930,1.0,17,Office,142034.0,91.0,8081443.0,100.26
Small- and Mid-Sized Office,1916,1.0,5,Office,51557.0,61.0,3992167.75,26.19
Large Office,1969,1.0,20,Office,226454.0,90.0,15742790.0,563.25
Large Office,2009,1.0,25,Office,582725.0,95.0,27018020.0,229.25
Large Office,1968,1.0,12,Office,161000.0,91.0,9075988.0,222.19
Large Office,2009,1.0,36,Office,743562.0,97.0,39360016.0,275.54
Large Office,1990,1.0,16,Office,311736.0,94.0,18468776.0,130.73
Small- and Mid-Sized Office,1900,1.0,7,Office,64712.0,85.0,4135330.5,51.67
Small- and Mid-Sized Office,1900,1.0,6,Office,82355.0,66.0,4188308.75,31.97
Large Office,1922,1.0,15,Office,388934.0,89.0,18982748.0,213.23
Large Office,1929,1.0,22,Office,348969.0,98.0,10471812.0,70.15
Large Office,1958,1.0,17,Office,236827.0,69.0,0.0,940.47
Large Office,1983,1.0,47,Office,886524.7200000013,94.0,44683660.0,318.97
Large Office,1986,1.0,41,Office,470416.0,84.0,24603420.0,171.52
Large Office,1968,1.0,8,Office,84838.0,81.0,3743228.5,26.1
Large Office,1980,1.0,34,Office,606050.0,81.0,32577050.0,231.32
Large Office,1969,1.0,49,Office,808980.0,89.0,47518124.0,627.87
Large Office,1907,1.0,8,Office,161762.0,91.0,9510490.0,175.95
Large Office,2001,1.0,14,Office,269284.0,,21960822.0,380.37
Large Office,2003,1.0,8,Office,160418.0,69.0,13972700.0,298.61
Large Office,2006,1.0,13,Office,319539.0,98.0,13862720.0,216.24
Large Office,1909,1.0,7,Office,96582.0,99.0,2970604.25,70.17
Retail Store,1978,1.0,2,Retail Store,89200.0,83.0,6707359.5,89.47
Large Office,1971,1.0,23,Office,474546.0,77.0,29997380.0,198.34
Other,1969,1.0,5,Other,36000.0,96.0,30038490.0,209.41
Large Office,2002,1.0,6,Office,95943.0,88.0,4426136.0,30.86
Large Office,2002,1.0,5,Office,145754.0,93.0,7046345.5,49.12
Large Office,1980,1.0,18,Office,348270.0,79.0,24224888.0,168.88
Large Office,1988,1.0,20,Office,367623.0,65.0,0.0,197.19
Large Office,1979,1.0,24,Office,424044.0,79.0,26144226.0,176.43
Mixed Use Property,1980,1.0,4,Other,42389.0,,8381544.5,91.13
Large Office,1982,1.0,6,Office,274002.0,64.0,20179120.0,141.95
Large Office,2002,1.0,6,Office,191814.0,74.0,14913424.0,103.97
Large Office,1947,1.0,3,Office,146157.0,94.0,5569686.0,46.03
Large Office,1984,1.0,8,Office,158681.0,3.0,29949248.0,208.79
Other,1956,1.0,1,Supermarket/Grocery Store,61666.0,54.0,14736775.0,384.27
Large Office,1912,1.0,42,Office,245028.0,72.0,24880988.0,741.3
Large Office,1927,1.0,8,Office,166919.0,76.0,14072349.0,355.05
Large Office,1964,1.0,22,Office,256299.0,77.0,19730534.0,530.66
Hotel,1923,1.0,12,Hotel,542305.0,45.0,57051236.0,2573.75
Retail Store,1980,1.0,2,Retail Store,191940.0,80.0,12080064.0,162.45
Other,2009,1.0,5,Parking,74831.0,,3085814.0,21.51
Large Office,2001,1.0,5,Office,103494.0,60.0,5803409.0,40.46
Warehouse,1973,1.0,1,Non-Refrigerated Warehouse,49395.0,2.0,4243867.0,70.47
Warehouse,1959,1.0,2,Non-Refrigerated Warehouse,29001.0,55.0,5095134.5,156.67
Large Office,1916,1.0,6,Office,305233.0,90.0,18102026.0,224.36
Large Office,1988,1.0,55,Office,886524.7200000013,92.0,55140300.0,588.9
Hotel,1930,1.0,21,Hotel,310000.0,58.0,34527356.0,1510.85
Large Office,1989,1.0,46,Office,886524.7200000013,89.0,58506844.0,530.18
Large Office,1958,1.0,10,Office,144570.0,91.0,6771618.5,193.72
Retail Store,1914,1.0,4,Retail Store,35694.0,25.0,5171529.0,36.61
Large Office,1984,1.0,6,Office,83485.0,45.0,7335905.5,51.14
Large Office,1910,1.0,10,Office,87391.0,49.0,11792293.0,318.08
Small- and Mid-Sized Office,1920,1.0,8,Office,41958.0,,2586116.0,18.03
Large Office,1929,1.0,14,Office,124508.0,89.0,6825027.0,202.99
Large Office,1929,1.0,15,Office,125473.0,84.0,0.0,238.09
Small- and Mid-Sized Office,1906,1.0,4,Office,56747.0,72.0,3564626.75,74.83
Large Office,1927,1.0,10,Office,87925.0,80.0,7163323.5,48.54
Other,1996,1.0,6,Parking,64821.0,,9671619.0,185.03
Large Office,1980,1.0,36,Office,748011.0,96.0,27340878.0,216.43
Large Office,1971,1.0,21,Office,342952.0,74.0,20421248.0,135.23
Small- and Mid-Sized Office,1999,1.0,4,Office,70090.0,72.0,4549892.0,31.72
Large Office,1998,1.0,11,Office,150969.0,72.0,13329024.0,92.92
Other,1985,1.0,12,Other,146689.0,,14436982.0,100.65
Small- and Mid-Sized Office,1925,1.0,4,Office,38880.0,83.0,2500323.75,44.48
Retail Store,1929,1.0,8,Retail Store,509342.0,,17666646.0,328.83
Other,1999,1.0,5,Other,206950.0,,19105426.0,249.09
Other,1990,1.0,6,Other,886524.7200000013,,0.0,0.0
Other,1988,1.0,9,Other,46710.0,,4439795.5,130.69
Other,1945,1.0,3,Medical Office,162000.0,65.0,14009703.0,201.15
Other,1992,1.0,14,Medical Office,270384.0,58.0,21156670.0,147.49
Mixed Use Property,2001,1.0,6,Parking,164332.0,100.0,55073120.0,456.22
Mixed Use Property,2001,1.0,6,Parking,104922.0,100.0,75073888.0,530.59
Hotel,1979,1.0,5,Hotel,109017.0,34.0,9707963.0,243.66
Large Office,1981,1.0,5,Office,228504.0,77.0,16373232.0,114.14
Warehouse,2001,1.0,1,Non-Refrigerated Warehouse,123061.0,59.0,1987934.625,13.86
Warehouse,1963,1.0,1,Non-Refrigerated Warehouse,106001.0,93.0,763364.5,5.32
Other,1960,1.0,1,Distribution Center,118733.0,97.0,775864.1875,5.44
Large Office,2001,1.0,7,Office,82098.0,81.0,4342597.0,30.27
Small- and Mid-Sized Office,1984,1.0,6,Office,95721.0,95.0,3155171.75,21.36
Large Office,1996,2.0,5,Office,105563.0,83.0,5661689.5,39.47
Large Office,2001,1.0,3,Office,63199.0,7.0,11672252.0,374.92
Small- and Mid-Sized Office,1974,1.0,5,Office,71751.0,56.0,5531460.0,35.8
Small- and Mid-Sized Office,1979,1.0,6,Office,85339.0,53.0,6353294.0,42.03
Small- and Mid-Sized Office,1979,1.0,4,Office,53730.0,20.0,4742869.0,33.06
Small- and Mid-Sized Office,1960,1.0,3,Office,55593.0,55.0,4414587.0,93.23
Large Office,1982,1.0,4,Office,72066.0,54.0,4899096.0,32.73
Retail Store,2005,1.0,1,Retail Store,158415.0,25.0,23293664.0,454.49
Large Office,1929,1.0,8,Office,155985.0,,48037000.0,349.07
Other,1975,1.0,8,Other,158738.0,,61214744.0,1268.87
Small- and Mid-Sized Office,1985,1.0,4,Office,58195.0,81.0,3018140.75,20.86
Other,1928,1.0,3,Other,54880.0,,12072969.0,269.71
Other,2003,1.0,4,Other,176171.0,,34746128.0,849.83
Large Office,2004,1.0,6,Office,79384.0,96.0,3238216.0,22.57
Warehouse,1914,1.0,5,Non-Refrigerated Warehouse,127800.0,56.0,2811924.5,29.53
Large Office,2002,1.0,5,Office,372503.0,71.0,30401640.0,632.4
Large Office,2001,1.0,6,Office,131592.0,49.0,11812678.0,94.64
Mixed Use Property,2003,1.0,5,Other,72407.0,,31915486.0,726.96
Large Office,2006,1.0,4,Office,113803.0,97.0,6917478.5,122.68
Large Office,2006,1.0,6,Office,178628.0,97.0,7554767.0,69.59
Mixed Use Property,1954,1.0,3,Non-Refrigerated Warehouse,29732.0,66.0,3066491.25,74.1
Other,1963,1.0,4,Other,103135.0,,24903228.0,587.16
Small- and Mid-Sized Office,1974,1.0,5,Office,64752.0,80.0,3558562.5,23.81
Small- and Mid-Sized Office,1970,1.0,5,Office,66747.0,86.0,3705629.0,24.35
Small- and Mid-Sized Office,1971,1.0,5,Office,69691.0,75.0,0.0,24.29
Other,1988,1.0,4,Medical Office,108344.0,5.0,19718338.0,477.87
Other,1994,1.0,4,Medical Office,95995.0,21.0,8422861.0,77.99
Other,2000,1.0,7,Other,215602.0,23.0,43178016.0,1032.63
Other,1995,1.0,2,Supermarket/Grocery Store,121087.0,78.0,14843382.0,277.98
Other,2008,1.0,1,Supermarket/Grocery Store,63225.0,100.0,6522551.5,45.47
Warehouse,1999,1.0,1,Non-Refrigerated Warehouse,325424.0,100.0,1396082.25,41.8
Other,2001,1.0,3,Parking,156312.0,,11521702.0,80.32
Other,1952,1.0,3,Other,72000.0,,6876439.5,47.94
Retail Store,1997,1.0,1,Retail Store,107931.0,72.0,8949319.0,110.46
Other,1964,4.180000000000064,1,Other,124231.0,,10079993.0,226.43
Retail Store,1967,1.0,1,Retail Store,57805.0,79.0,17225444.0,553.27
Other,1997,1.0,1,Supermarket/Grocery Store,50065.0,78.0,8901074.0,158.92
Large Office,1988,1.0,3,Office,96504.0,73.0,4991360.5,34.9
Small- and Mid-Sized Office,2000,1.0,4,Office,90000.0,84.0,3897738.0,27.17
Small- and Mid-Sized Office,2001,1.0,3,Office,62232.0,70.0,5413418.0,37.74
Large Office,1999,1.0,3,Office,152579.0,96.0,11325513.0,94.47
Large Office,1999,1.0,4,Office,138995.0,89.0,8651835.0,85.01
Large Office,1982,1.0,5,Office,243018.0,95.0,7683885.0,53.57
Warehouse,1967,1.0,2,Non-Refrigerated Warehouse,70000.0,87.0,1468317.375,17.17
Retail Store,1966,1.0,1,Retail Store,50200.0,,1193084.5,32.22
Small- and Mid-Sized Office,1925,1.0,6,Office,53993.0,,5055586.0,120.24
Other,2008,1.0,5,Parking,182454.0,,17628306.0,413.35
Other,1988,1.0,4,Self-Storage Facility,130293.0,,465533.3125,3.25
Warehouse,1997,1.0,4,Non-Refrigerated Warehouse,106041.0,94.0,1254908.5,25.58
Large Office,2002,1.0,10,Office,150840.0,88.0,7783714.5,53.25
Warehouse,1966,1.0,1,Non-Refrigerated Warehouse,22780.0,33.0,402051.3125,2.8
Other,1967,1.0,1,Distribution Center,124423.0,62.0,6345882.5,237.36
Large Office,1970,1.0,22,Office,227556.0,95.0,8950688.0,59.21
Other,1967,1.0,1,Distribution Center,49918.0,72.0,1751500.375,42.65
Other,1969,1.0,1,Distribution Center,57540.0,26.0,2808274.75,76.68
Warehouse,1966,1.0,1,Non-Refrigerated Warehouse,85400.0,49.0,1536998.25,10.72
Warehouse,1966,1.0,1,Non-Refrigerated Warehouse,55700.0,63.0,528115.6875,3.62
Small- and Mid-Sized Office,1964,1.0,1,Office,52759.0,96.0,1760992.25,46.93
Small- and Mid-Sized Office,1987,1.0,6,Office,78672.0,98.0,2220030.5,28.63
Warehouse,1986,1.0,3,Non-Refrigerated Warehouse,64660.0,89.0,333622.5938,6.32
Mixed Use Property,1927,1.0,2,Other,28442.0,,3774978.5,38.48
Other,1968,1.0,1,Distribution Center,162425.0,25.0,10093972.0,204.81
Other,1949,1.0,1,Distribution Center,101101.0,1.0,21341708.0,152.71
Other,1980,1.0,1,Distribution Center,59504.0,80.0,1231121.75,32.02
Other,1940,1.0,1,Other,45340.0,,5246590.0,74.31
Other,1953,1.0,1,Other,100000.0,,17427156.0,142.36
Other,2003,1.0,1,Supermarket/Grocery Store,51722.0,41.0,15076756.0,414.43
Other,1980,1.0,1,Supermarket/Grocery Store,44431.0,37.0,11311432.0,272.54
Large Office,2005,1.0,6,Office,217977.0,95.0,9200102.0,54.92
Retail Store,1996,1.0,4,Retail Store,98863.0,42.0,10443463.0,190.61
Small- and Mid-Sized Office,1970,1.0,1,Office,60732.0,89.0,3586460.5,90.24
Large Office,2006,1.0,3,Office,83715.0,26.0,6114351.5,49.17
Other,1926,1.0,3,Other,74864.0,,12232124.0,85.28
Warehouse,1991,1.0,2,Non-Refrigerated Warehouse,263528.0,92.0,8767252.0,262.45
Small- and Mid-Sized Office,1978,1.0,4,Office,50235.0,,4910799.5,33.85
Mixed Use Property,1928,1.0,1,Office,20000.0,,2758081.75,63.89
Large Office,1990,1.0,5,Office,78521.0,62.0,5318277.0,35.8
Retail Store,1950,1.0,2,Retail Store,302812.0,97.0,7783388.0,129.29
Small- and Mid-Sized Office,1974,1.0,5,Office,78200.0,53.0,9266020.0,293.55
Small- and Mid-Sized Office,1981,1.0,6,Office,86483.0,56.0,6636482.5,44.35
Other,1976,1.0,1,Distribution Center,34400.0,75.0,1196293.25,22.1
Warehouse,1968,1.0,1,Non-Refrigerated Warehouse,140520.0,61.0,2502923.5,57.73
Large Office,1986,1.0,5,Office,91645.0,95.0,4636396.5,58.88
Other,2005,1.0,3,Parking,91935.0,,7063953.5,49.28
Other,2005,1.0,3,Medical Office,60670.0,,4765753.5,33.22
Warehouse,1980,1.0,1,Non-Refrigerated Warehouse,50417.0,14.0,2149815.75,58.67
Other,1900,1.0,1,Other,43728.0,,11854450.0,611.19
Other,1961,1.0,3,Medical Office,133298.0,21.0,16041286.0,295.48
Retail Store,1965,1.0,2,Retail Store,173106.0,78.0,6718441.0,91.1
Large Office,2000,1.0,4,Office,103970.0,91.0,6486377.5,45.22
Other,2000,1.0,1,Other,51427.0,,1901429.125,49.9
Small- and Mid-Sized Office,1948,1.0,1,Office,53620.0,86.0,2145554.75,22.12
Small- and Mid-Sized Office,1938,1.0,1,Office,50008.0,62.0,3380481.5,65.3
Large Office,2009,1.0,4,Office,194674.0,98.0,6657348.5,49.74
Other,1971,1.0,1,Other,76486.0,70.0,2792753.5,20.29
Warehouse,1956,1.0,1,Non-Refrigerated Warehouse,98480.0,65.0,2898646.0,39.5
Mixed Use Property,2008,1.0,3,Office,66737.0,,22846738.0,640.71
Other,1920,1.0,3,Other,106003.0,,19419744.0,406.02
Small- and Mid-Sized Office,1970,1.0,7,Office,93905.0,70.0,5662234.0,39.47
Other,2002,1.0,1,Supermarket/Grocery Store,54434.0,32.0,13564414.0,306.5
Small- and Mid-Sized Office,1904,1.0,5,Office,78564.0,88.0,2830674.75,19.73
Small- and Mid-Sized Office,1906,1.0,7,Office,65088.0,64.0,6669621.5,134.69
Small- and Mid-Sized Office,1907,1.0,6,Office,63871.0,82.0,3020795.0,19.89
Small- and Mid-Sized Office,1900,1.0,4,Office,34647.0,87.0,2380143.75,76.8
Large Office,1900,1.0,4,Office,123607.0,79.0,7778893.0,130.31
Large Office,1907,1.0,7,Office,160580.0,98.0,4501784.0,99.59
Other,1906,1.0,3,Other,33647.0,,2031594.375,13.28
Mixed Use Property,1910,1.0,3,Office,26250.0,37.0,2462293.5,31.58
Other,1953,1.0,2,Other,50500.0,,4608482.0,132.6
Other,1962,1.0,2,Distribution Center,85343.0,56.0,3471977.25,74.18
Other,1941,2.0,2,Other,142901.0,,2244317.0,15.65
Large Office,1900,1.0,4,Office,104869.0,80.0,4374646.0,30.5
Other,1910,1.0,6,Distribution Center,51040.0,15.0,2688675.75,18.74
Other,1907,1.0,4,Distribution Center,39884.0,,1056782.125,7.37
Small- and Mid-Sized Office,1904,1.0,4,Office,43122.0,31.0,5550151.0,138.35
Small- and Mid-Sized Office,1909,1.0,6,Office,65508.0,81.0,2972492.75,20.18
Large Office,1904,1.0,7,Office,183916.0,81.0,9722890.0,67.78
Large Office,2009,1.0,7,Office,273812.0,43.0,25567108.0,182.14
Mixed Use Property,2009,1.0,6,Parking,111774.0,,63172816.0,445.62
Warehouse,1926,1.0,7,Non-Refrigerated Warehouse,144050.0,26.0,4347677.0,98.43
Small- and Mid-Sized Office,1930,1.0,3,Office,60384.0,16.0,5107519.5,47.25
Retail Store,1993,1.0,1,Retail Store,107704.0,57.0,7589347.5,100.42
Warehouse,1926,1.0,1,Non-Refrigerated Warehouse,99084.0,83.0,1838287.25,49.25
Small- and Mid-Sized Office,2001,1.0,6,Office,53281.0,2.0,8570571.0,59.75
Large Office,1991,1.0,5,Office,119083.0,41.0,8381834.5,58.43
Retail Store,1973,1.0,1,Retail Store,56576.0,66.0,2540840.5,67.29
Other,2004,1.0,0,Medical Office,200184.0,53.0,20764814.0,692.12
Large Office,2000,1.0,11,Office,303312.0,,25747022.0,185.39
Large Office,2005,1.0,42,Office,886524.7200000013,97.0,56785916.0,481.06
Small- and Mid-Sized Office,1926,1.0,6,Office,51881.0,,2478025.25,17.28
Other,1985,1.0,10,Medical Office,197408.0,46.0,17254810.0,190.1
Other,1987,1.0,7,Medical Office,113739.0,68.0,5739540.0,40.38
Other,2008,1.0,9,Medical Office,201365.0,58.0,14802479.0,130.32
Other,1973,1.0,19,Medical Office,170727.0,50.0,15490998.0,357.39
Large Office,1900,1.0,6,Office,114919.0,94.0,8455976.0,282.46
Small- and Mid-Sized Office,1900,1.0,6,Office,46000.0,55.0,3065954.5,21.37
Small- and Mid-Sized Office,1925,1.0,4,Office,72000.0,89.0,2739121.5,23.48
Large Office,2000,1.0,4,Office,103000.0,93.0,5101504.5,35.56
Other,2001,1.0,3,Other - Recreation,50000.0,,9596839.0,310.19
Other,1994,3.0,1,Other,107427.0,,21406232.0,530.62
Large Office,2008,1.0,14,Office,232443.0,86.0,15725581.0,116.95
Other,1994,3.0,2,Other,81385.0,,13360349.0,270.17
Large Office,2001,1.0,23,Office,366554.0,90.0,16339807.0,111.69
Other,1983,1.0,6,Parking,197040.0,,5233553.5,36.49
Small- and Mid-Sized Office,1982,1.0,5,Office,98668.0,91.0,4395027.0,30.61
Large Office,2007,1.0,1,Office,80157.0,12.0,9336260.0,98.54
Large Office,1978,1.0,1,Office,105100.0,1.0,22571400.0,357.86
Retail Store,1978,1.0,1,Retail Store,50660.0,51.0,2956254.5,60.7
Small- and Mid-Sized Office,1937,1.0,2,Office,39879.0,59.0,2421613.25,55.73
Large Office,2000,1.0,4,Office,104667.0,1.0,25478086.0,177.62
Small- and Mid-Sized Office,1925,1.0,3,Office,20565.0,65.0,830100.0,5.59
Large Office,2000,1.0,5,Office,106449.0,63.0,7857972.5,54.78
Large Office,2008,1.0,5,Office,133451.0,56.0,14856199.0,103.57
Large Office,1986,1.0,5,Office,109978.0,95.0,5799664.5,116.74
Large Office,1993,1.0,3,Office,171783.0,77.0,10445641.0,70.09
Large Office,2000,1.0,5,Office,126218.0,99.0,17186624.0,119.81
Warehouse,1912,1.0,5,Non-Refrigerated Warehouse,95330.0,81.0,1411471.75,8.8
Large Office,1918,1.0,6,Office,64055.0,,4682152.5,50.17
Large Office,1905,1.0,6,Office,110370.0,70.0,7046428.5,47.39
Large Office,1910,1.0,6,Office,80400.0,86.0,5268183.0,97.82
Retail Store,1910,1.0,6,Other,67670.0,89.0,3350477.0,69.02
Large Office,1951,1.0,2,Office,110746.0,66.0,10622784.0,157.48
Other,1960,1.0,1,Distribution Center,99551.0,95.0,1015060.188,7.08
Warehouse,1951,1.0,4,Non-Refrigerated Warehouse,119593.0,97.0,2869350.25,95.86
Warehouse,1951,1.0,3,Non-Refrigerated Warehouse,129420.0,12.0,6562048.5,75.29
Other,1970,1.0,1,Distribution Center,44300.0,55.0,2882685.0,19.86
Other,1961,1.0,1,Distribution Center,73335.0,,5459973.5,155.74
Other,1928,1.0,2,Distribution Center,48400.0,,2015776.625,48.5
Warehouse,1931,1.0,2,Non-Refrigerated Warehouse,61200.0,16.0,5285776.5,178.62
Other,1987,1.0,1,Distribution Center,109090.0,87.0,1667059.125,34.14
Other,1986,3.0,2,Other,65700.0,,7448018.0,168.5
Mixed Use Property,1930,3.0,2,Non-Refrigerated Warehouse,58605.0,,3714717.25,25.37
Small- and Mid-Sized Office,2001,1.0,4,Office,70074.0,5.0,4817062.0,33.58
Other,2006,1.0,6,Other,119570.0,,25736450.0,710.7
Large Office,2008,1.0,4,Office,105206.0,73.0,8873485.0,61.86
Small- and Mid-Sized Office,2000,1.0,2,Office,77174.0,33.0,5481549.0,38.21
Large Office,1998,1.0,5,Office,98781.0,57.0,6859198.0,47.82
Mixed Use Property,2008,1.0,5,Parking,97500.0,,21299472.0,314.43
Other,1999,1.0,4,Other,97365.0,,35938164.0,1154.79
Large Office,2000,1.0,7,Office,163082.0,88.0,8732968.0,68.06
Large Office,1974,1.0,5,Office,89075.0,85.0,5034942.5,65.03
Large Office,1975,1.0,8,Office,126648.0,65.0,9836703.0,119.93
Large Office,1953,1.0,7,Office,274362.0,82.0,16572684.0,147.82
Large Office,1983,1.0,15,Office,270237.0,85.0,18235512.0,246.83
Other,1981,1.0,33,Other,218997.0,98.0,274725984.0,1921.82
Large Office,1985,1.0,76,Office,886524.7200000013,86.0,92537256.0,882.56
Other,1925,1.0,18,Medical Office,281598.0,68.0,23128454.0,582.28
Retail Store,1929,1.0,4,Retail Store,78920.0,80.0,8303666.5,109.85
Other,1999,1.0,0,Other,561684.0,,46343304.0,324.25
Mixed Use Property,1908,1.0,4,Office,17120.0,,3904791.25,150.88
Retail Store,1940,1.0,3,Retail Store,45000.0,59.0,2533838.5,27.82
Retail Store,1924,1.0,3,Retail Store,73563.0,39.0,7802205.5,54.4
Small- and Mid-Sized Office,1909,1.0,6,Office,44913.0,57.0,2886141.5,20.12
Large Office,1970,1.0,29,Office,371450.0,43.0,37351804.0,426.39
Large Office,1929,1.0,27,Office,182604.0,62.0,17352520.0,639.72
Large Office,1921,1.0,13,Office,151740.0,13.0,19036416.0,132.71
Large Office,1998,1.0,13,Office,145491.0,25.0,17267470.0,119.03
Large Office,1910,1.0,7,Office,95942.0,91.0,4675881.5,41.8
Small- and Mid-Sized Office,1921,1.0,3,Office,50250.0,89.0,2038746.5,13.72
Large Office,1911,1.0,17,Office,82053.0,75.0,7066534.5,169.06
Other,1988,1.0,5,Medical Office,81873.0,15.0,8588643.0,89.41
Other,1916,1.0,2,College/University,60122.0,,745830.3125,9.31
Small- and Mid-Sized Office,1910,1.0,6,Office,84481.0,83.0,4269199.5,31.43
Large Office,1971,1.0,9,Office,204993.0,79.0,16162013.0,390.67
Large Office,1998,1.0,8,Office,343400.0,96.0,13568148.0,94.59
Other,1939,1.0,2,Other,58500.0,,1849863.625,51.56
Small- and Mid-Sized Office,1907,1.0,6,Office,49473.0,30.0,4353025.0,30.35
Other,1944,1.0,4,Other,50036.0,,14522162.0,179.45
Warehouse,1952,1.0,2,Non-Refrigerated Warehouse,101752.0,,3847929.5,111.23
Other,1970,1.0,1,Other,152511.0,,6837936.0,46.52
Small- and Mid-Sized Office,1950,1.0,1,Office,101278.0,95.0,6612733.0,152.28
Large Office,1973,1.0,2,Office,141917.0,67.0,7181600.0,60.92
Warehouse,1966,1.0,1,Non-Refrigerated Warehouse,56900.0,11.0,1951856.25,13.61
Other,1969,1.0,1,Distribution Center,71718.0,100.0,151754.2969,1.06
Warehouse,1969,1.0,1,Non-Refrigerated Warehouse,34206.0,31.0,4843056.0,131.64
Other,1979,1.0,1,Distribution Center,55000.0,32.0,3013861.5,89.53
Retail Store,1992,1.0,1,Retail Store,99471.0,81.0,7728856.5,158.55
Other,2002,1.0,6,Parking,232685.0,,9158207.0,119.92
Other,1963,1.0,1,Supermarket/Grocery Store,27382.0,57.0,7593035.0,195.43
Small- and Mid-Sized Office,1929,1.0,3,Office,81526.0,1.0,38074932.0,166.13
Other,1986,1.0,1,Distribution Center,288048.0,43.0,16973858.0,455.39
Large Office,2008,1.0,4,Office,149081.0,77.0,9683979.0,67.51
Small- and Mid-Sized Office,1900,1.0,6,Office,95760.0,83.0,5587502.5,74.45
Warehouse,1946,1.0,1,Non-Refrigerated Warehouse,178087.0,57.0,3459543.0,24.12
Warehouse,1966,1.0,1,Non-Refrigerated Warehouse,164806.0,98.0,622185.6875,4.2
Large Office,1994,1.0,10,Office,220033.0,87.0,11518169.0,106.12
Large Office,2009,1.0,17,Office,295494.0,91.0,13631141.0,95.03
Mixed Use Property,2009,1.0,6,Office,41624.0,63.0,5034998.5,79.39
Retail Store,1956,1.0,2,Retail Store,85572.0,,5561522.5,110.41
Warehouse,1966,1.0,2,Non-Refrigerated Warehouse,112484.0,47.0,3004271.0,20.94
Other,2003,1.0,5,Medical Office,177748.0,70.0,9941308.0,69.3
Other,1994,4.180000000000064,14,Other,886524.7200000013,54.0,295929888.0,12307.16
Other,1928,3.0,4,Other,215197.0,,12637976.0,406.04
Mixed Use Property,2004,1.0,4,Other,26400.0,,2740574.75,20.85
Other,1990,1.0,5,Medical Office,146150.0,59.0,12814944.0,133.5
Other,1987,1.0,5,Other,87552.0,18.0,7947933.5,54.18
Hotel,2003,1.0,6,Hotel,100528.0,28.0,13961121.0,453.76
Other,1999,1.0,5,Other - Entertainment/Public Assembly,134197.0,,19009360.0,341.23
Warehouse,1988,1.0,4,Non-Refrigerated Warehouse,132828.0,83.0,1083729.625,7.56
Warehouse,1970,1.0,1,Non-Refrigerated Warehouse,58047.0,1.0,14128860.0,284.01
Retail Store,1995,1.0,1,Retail Store,130767.0,60.0,11474490.0,295.12
Other,1974,2.0,4,College/University,114000.0,,7575080.0,109.71
Other,1910,1.0,6,Medical Office,236359.0,57.0,25585012.0,189.85
Retail Store,1958,1.0,1,Retail Store,74178.0,,5617868.0,134.82
Warehouse,1987,1.0,4,Non-Refrigerated Warehouse,80360.0,96.0,755287.5,16.27
Other,1996,1.0,3,Supermarket/Grocery Store,46280.0,71.0,10434333.0,267.0
Other,2008,1.0,2,Other,48103.0,,1935438.625,13.51
Mixed Use Property,1921,1.0,3,Office,26044.0,3.0,7070998.5,49.29
Large Office,1960,1.0,3,Office,65434.0,1.0,17877436.0,128.73
Other,2000,1.0,3,Other,91064.0,32.0,2090011.625,25.6
Warehouse,1976,1.0,1,Non-Refrigerated Warehouse,40000.0,1.0,1692054.125,11.29
Other,1965,1.0,1,Distribution Center,27800.0,13.0,1337789.75,24.39
Warehouse,2001,1.0,1,Non-Refrigerated Warehouse,46340.0,3.0,2564004.0,17.87
Small- and Mid-Sized Office,1910,1.0,3,Office,38460.0,69.0,2064345.875,36.02
Other,1922,1.0,2,Worship Facility,21022.0,54.0,1078904.0,43.84
Warehouse,1979,1.0,1,Non-Refrigerated Warehouse,23620.0,,526955.3125,3.58
Warehouse,1979,1.0,1,Non-Refrigerated Warehouse,24280.0,,369291.5,2.57
Other,1928,1.0,3,Other,36185.0,,11316338.0,416.07
Other,1914,1.0,2,Worship Facility,33589.0,90.0,606874.5,21.93
Small- and Mid-Sized Office,1979,1.0,3,Office,43495.0,46.0,3220635.25,22.65
Other,1977,1.0,3,Other,22719.0,,1358519.0,9.47
Other,1946,1.0,2,Other,69000.0,,7251589.0,50.55
Retail Store,1917,1.0,2,Retail Store,147545.0,69.0,7339108.0,169.75
Other,1923,1.0,2,Other,25778.0,,1207838.75,7.77
Other,1917,1.0,2,Other,23835.0,,1587238.0,63.48
Other,1955,1.0,2,Other,31020.0,,5231756.5,207.6
Small- and Mid-Sized Office,1917,1.0,2,Office,14400.0,,1636649.125,29.62
Small- and Mid-Sized Office,1974,1.0,5,Office,37993.0,59.0,4673727.5,141.2
Small- and Mid-Sized Office,1942,1.0,3,Office,64630.0,96.0,1408291.375,9.82
Retail Store,1968,1.0,1,Retail Store,40000.0,98.0,959683.125,24.02
Other,2002,1.0,1,Other,29924.0,,0.0,0.0
Other,1949,1.0,2,Worship Facility,15364.0,86.0,1110209.25,43.8
Other,1928,1.0,3,College/University,21600.0,,359207.1875,6.33
Retail Store,1956,1.0,2,Retail Store,25562.0,20.0,4765879.0,154.17
Retail Store,2003,1.0,2,Retail Store,47465.0,82.0,3424428.0,29.54
Small- and Mid-Sized Office,1900,1.0,7,Office,26195.0,100.0,575362.5,9.95
Mixed Use Property,1978,1.0,2,Retail Store,15549.0,55.0,2249630.25,15.24
Small- and Mid-Sized Office,1906,1.0,5,Office,29040.0,24.0,1997288.75,13.87
Retail Store,1906,1.0,2,Retail Store,36019.0,86.0,1245187.5,8.68
Small- and Mid-Sized Office,1979,1.0,3,Office,39000.0,51.0,2067352.5,14.63
Retail Store,1931,1.0,2,Retail Store,26270.0,32.0,1667641.25,33.78
Small- and Mid-Sized Office,1926,1.0,3,Office,49800.0,50.0,2385395.0,16.63
Mixed Use Property,1954,1.0,2,Other,12960.0,,450780.1875,2.92
Hotel,1990,1.0,5,Hotel,57800.0,87.0,2466522.25,66.29
Other,1955,1.0,2,Other,31160.0,2.0,1788951.625,12.95
Small- and Mid-Sized Office,1925,1.0,2,Office,25920.0,53.0,1523175.125,41.69
Other,1923,1.0,3,Other,22381.0,,3625967.75,126.78
Retail Store,1925,1.0,1,Retail Store,13940.0,,485607.1875,11.14
Other,1952,1.0,4,Medical Office,26670.0,51.0,1640803.5,10.83
Other,1922,1.0,2,Other,38939.0,,3356598.0,86.02
Hotel,1967,1.0,4,Hotel,52668.0,61.0,2736926.5,72.78
Mixed Use Property,2006,1.0,2,Other,8969.0,,2622096.5,30.6
Other,1921,1.0,3,Other,21499.0,85.0,605130.6875,4.22
Retail Store,1956,1.0,2,Retail Store,31905.0,,5322918.5,47.12
Retail Store,1956,1.0,2,Retail Store,52784.0,18.0,6890861.0,63.61
Retail Store,1956,1.0,1,Retail Store,21909.0,67.0,2621259.25,28.41
Retail Store,1997,1.0,1,Retail Store,59396.0,,4670313.0,47.66
Other,1923,1.0,3,Other,19200.0,,4712960.5,101.99
Other,1927,1.0,4,Other,25876.0,81.0,2013033.75,74.92
Hotel,1960,1.0,7,Hotel,61180.0,24.0,4077797.0,126.3
Small- and Mid-Sized Office,1978,1.0,5,Office,32569.0,51.0,3603400.0,99.15
Other,1910,1.0,2,Worship Facility,23931.0,88.0,0.0,18.66
Other,1948,1.0,2,Worship Facility,21393.0,57.0,981916.5,32.64
Other,2006,1.0,6,Senior Care Community,35696.0,100.0,1147752.25,34.98
Other,1910,1.0,3,College/University,28800.0,,773795.625,8.45
Other,1995,1.0,3,K-12 School,22860.0,43.0,990507.3125,6.49
Other,1965,1.0,2,Worship Facility,21732.0,2.0,942745.6875,23.59
Retail Store,1900,1.0,3,Retail Store,32960.0,71.0,813641.0,5.67
Hotel,1930,1.0,3,Hotel,20571.0,72.0,759756.5,4.99
Other,1993,1.0,3,Other,22000.0,16.0,2759011.75,89.57
Other,2000,1.0,2,Worship Facility,30000.0,52.0,0.0,27.14
Small- and Mid-Sized Office,2012,1.0,2,Office,55000.0,68.0,2641681.75,20.08
Hotel,1925,1.0,9,Hotel,96000.0,8.0,9037184.0,355.8
Other,1981,1.0,3,Senior Care Community,58665.0,98.0,3397766.5,23.15
Mixed Use Property,2007,1.0,2,Non-Refrigerated Warehouse,16826.0,,1894318.875,26.11
Other,1969,1.0,2,Other,21790.0,,2283131.0,33.37
Small- and Mid-Sized Office,1900,1.0,5,Office,37120.0,77.0,2388675.5,49.98
Hotel,1926,1.0,11,Hotel,36240.0,98.0,2390584.0,120.91
Other,1908,1.0,5,Other,41536.0,,2735166.0,19.07
Hotel,1909,1.0,6,Hotel,35820.0,94.0,3547995.75,130.58
Other,1965,1.0,3,K-12 School,49744.0,98.0,2421669.75,89.29
Other,1923,1.0,2,Worship Facility,19407.0,60.0,1565229.75,43.45
Mixed Use Property,1930,1.0,2,Non-Refrigerated Warehouse,8914.82,,4345884.5,188.67
Other,1984,1.0,1,Other,50000.0,,6405464.5,210.3
Small- and Mid-Sized Office,1981,1.0,3,Office,45000.0,60.0,2695090.5,34.15
Warehouse,1985,1.0,1,Non-Refrigerated Warehouse,61419.0,36.0,1908057.875,13.16
Other,1990,1.0,2,Medical Office,39000.0,25.0,2654904.25,33.92
Other,1924,1.0,1,Other,14000.0,,5211179.5,147.0
Other,1953,1.0,1,Other,25480.0,,741287.1875,5.17
Warehouse,1970,1.0,2,Non-Refrigerated Warehouse,31000.0,,2315087.75,19.93
Small- and Mid-Sized Office,1961,1.0,1,Office,17804.0,57.0,1533262.0,19.82
Other,1954,1.0,1,Distribution Center,20736.0,,484136.8125,13.02
Small- and Mid-Sized Office,2009,1.0,3,Office,29035.0,,2035301.25,19.04
Other,1963,1.0,2,Other,20047.0,,128383.8984,0.82
Warehouse,1955,1.0,2,Non-Refrigerated Warehouse,32700.0,91.0,248616.0,1.73
Other,1962,1.0,1,Supermarket/Grocery Store,25883.0,38.0,9072714.0,247.85
Other,1948,1.0,1,Other - Recreation,14317.0,,2607414.75,83.1
Other,1955,1.0,1,Distribution Center,33987.0,92.0,243518.2031,1.7
Warehouse,1953,1.0,1,Non-Refrigerated Warehouse,31521.0,6.0,1823198.75,61.71
Warehouse,1951,1.0,1,Non-Refrigerated Warehouse,20400.0,,1510110.25,46.64
Other,1998,1.0,1,Distribution Center,35579.0,72.0,1259267.75,39.05
Other,1976,1.0,2,Other,38787.0,,3513828.25,67.52
Other,1988,2.0,2,Self-Storage Facility,50369.0,,897822.875,28.58
Other,1922,1.0,3,K-12 School,33550.0,99.0,1095913.75,29.82
Other,1963,1.0,2,Worship Facility,26210.0,55.0,1238854.625,47.59
Other,1956,1.0,1,Distribution Center,27000.0,61.0,735187.125,18.85
Small- and Mid-Sized Office,1957,1.0,2,Office,13945.0,99.0,361542.0938,2.52
Small- and Mid-Sized Office,1961,1.0,3,Office,29392.0,91.0,804510.375,6.18
Large Office,1985,1.0,5,Office,77796.0,62.0,4843339.0,32.8
Large Office,2013,1.0,5,Office,101941.0,98.0,4515744.5,72.26
Small- and Mid-Sized Office,1900,1.0,2,Office,20500.0,48.0,1326178.125,11.27
Other,1966,1.0,2,Senior Care Community,36000.0,3.0,12805711.0,480.9
Other,1930,1.0,2,Worship Facility,25521.0,82.0,685885.625,15.47
Other,1986,1.0,1,K-12 School,23190.0,79.0,1929416.5,68.14
Small- and Mid-Sized Office,1960,1.0,1,Office,23100.0,98.0,875049.6875,32.63
Other,1922,1.0,3,K-12 School,33780.0,43.0,2959193.75,106.45
Other,1954,1.0,2,Worship Facility,44816.0,69.0,2095655.25,68.97
Other,1966,1.0,2,Senior Care Community,41922.0,51.0,7048919.0,235.26
Other,1976,1.0,1,Other,45320.0,,10234721.0,348.22
Small- and Mid-Sized Office,1982,1.0,2,Office,31800.0,69.0,1575328.25,10.26
Small- and Mid-Sized Office,1970,1.0,2,Office,27185.0,67.0,1322894.5,8.85
Other,1970,1.0,1,Other - Recreation,20560.0,,452612.5,3.16
Small- and Mid-Sized Office,1969,1.0,2,Office,23272.0,,1853911.875,45.79
Small- and Mid-Sized Office,1969,1.0,2,Office,24988.0,41.0,2498335.25,81.96
Warehouse,1969,1.0,1,Non-Refrigerated Warehouse,21386.0,65.0,222600.0938,1.55
Mixed Use Property,1998,1.0,1,Office,8914.82,,690322.6875,18.16
Small- and Mid-Sized Office,1985,1.0,3,Office,26295.0,94.0,1214408.75,28.09
Other,1928,1.0,6,Self-Storage Facility,46580.0,,778702.125,4.95
Retail Store,1916,1.0,2,Retail Store,25920.0,5.0,478690.0938,3.34
Retail Store,1919,1.0,2,Retail Store,38880.0,93.0,1046976.813,13.71
Small- and Mid-Sized Office,1919,1.0,2,Office,23995.0,75.0,1945839.625,46.48
Small- and Mid-Sized Office,1925,1.0,4,Office,39760.0,92.0,2741556.25,149.91
Other,1920,1.0,3,Other,30971.0,,2974354.25,94.85
Warehouse,1927,1.0,2,Non-Refrigerated Warehouse,18740.0,,2339649.75,60.88
Mixed Use Property,2001,4.180000000000064,3,Other,14273.0,,4288601.5,110.17
Small- and Mid-Sized Office,2001,1.0,5,Office,15908.0,79.0,1291405.25,9.0
Retail Store,1911,1.0,2,Retail Store,10155.0,98.0,1109483.125,42.04
Retail Store,1906,1.0,3,Retail Store,22218.0,88.0,1215156.25,8.47
Other,1984,1.0,1,Distribution Center,26532.0,5.0,2261229.0,66.53
Small- and Mid-Sized Office,1981,1.0,2,Office,19600.0,,605182.6875,9.46
Other,1969,1.0,1,Other,30730.0,,3269018.5,73.52
Small- and Mid-Sized Office,1986,1.0,2,Office,36839.0,47.0,2195095.5,18.34
Other,1949,1.0,3,Worship Facility,57200.0,81.0,2158433.5,82.34
Small- and Mid-Sized Office,1986,1.0,3,Office,40067.0,43.0,2303732.75,16.06
Small- and Mid-Sized Office,1989,1.0,3,Office,26419.0,67.0,1074989.0,7.49
Small- and Mid-Sized Office,1979,1.0,3,Office,25262.0,54.0,1508578.25,23.85
Small- and Mid-Sized Office,1980,1.0,3,Office,32739.0,57.0,1785202.125,11.29
Small- and Mid-Sized Office,1980,1.0,3,Office,70296.0,86.0,3018885.75,19.39
Small- and Mid-Sized Office,1902,1.0,4,Office,27838.0,77.0,1265151.625,8.49
Other,1971,2.0,2,Distribution Center,35300.0,,1931830.75,30.02
Other,1964,1.0,2,Other,92129.0,,5368434.5,127.1
Other,1961,1.0,1,Other - Recreation,20236.0,,2089365.125,49.58
Other,1970,1.0,4,Other,25557.0,,2280352.5,15.9
Other,1958,1.0,2,Other,16243.0,,3320817.0,122.73
Other,2009,1.0,1,Other,19050.0,,1296995.0,32.86
Small- and Mid-Sized Office,2001,1.0,2,Office,26275.0,27.0,1871245.75,12.35
Other,2007,1.0,2,Other - Recreation,45000.0,,6104259.5,176.79
Other,1949,1.0,1,Worship Facility,30044.0,78.0,1343672.875,45.33
Other,2007,1.0,4,K-12 School,49468.0,82.0,2115259.0,61.98
Other,1970,1.0,2,Senior Care Community,46539.0,73.0,5589312.5,180.38
Other,1909,1.0,4,Other,29796.0,47.0,2309752.75,79.58
Small- and Mid-Sized Office,1918,1.0,3,Office,37853.0,98.0,1262255.75,8.8
Mixed Use Property,1928,1.0,2,Non-Refrigerated Warehouse,14400.0,,521523.1875,12.77
Other,1955,1.0,5,Worship Facility,31945.0,4.0,1806468.0,12.59
Small- and Mid-Sized Office,1985,1.0,5,Office,52908.0,43.0,4480961.0,31.24
Other,1968,1.0,3,Worship Facility,75058.0,24.0,6207115.5,247.97
Retail Store,1915,1.0,1,Retail Store,16200.0,2.0,2147472.5,20.76
Small- and Mid-Sized Office,1907,1.0,6,Office,35200.0,8.0,2998208.25,20.9
Other,1941,1.0,2,Other,23230.0,60.0,1356947.75,9.3
Small- and Mid-Sized Office,1928,1.0,4,Office,15609.0,17.0,2991557.25,73.61
Other,1964,1.0,4,Other,52284.0,,8491346.0,101.34
Other,1962,1.0,2,Medical Office,21571.0,2.0,3129807.0,85.55
Other,1988,1.0,5,Other,45780.0,,11542708.0,462.4
Other,1916,1.0,3,Other - Entertainment/Public Assembly,35886.0,,1255324.0,55.61
Small- and Mid-Sized Office,1993,1.0,1,Office,18380.0,,5355753.0,37.34
Warehouse,1960,1.0,1,Non-Refrigerated Warehouse,36444.0,80.0,169464.0938,1.12
Warehouse,1950,1.0,1,Non-Refrigerated Warehouse,27553.0,63.0,1054377.75,31.61
Other,1951,3.0,1,Distribution Center,57310.0,,1395637.75,34.87
Mixed Use Property,1920,1.0,2,Office,10109.0,,1071271.0,16.57
Other,1919,1.0,3,Other,40686.0,,2188575.25,73.0
Retail Store,1964,1.0,2,Retail Store,45271.0,57.0,2912179.5,82.72
Small- and Mid-Sized Office,1920,1.0,3,Office,28380.0,62.0,1503529.375,35.77
Large Office,2009,1.0,5,Office,329850.0,77.0,28053172.0,487.53
Small- and Mid-Sized Office,1926,1.0,3,Office,23730.0,95.0,1074761.125,32.09
Small- and Mid-Sized Office,1926,1.0,1,Office,37481.0,1.0,7419337.0,73.48
Other,2009,1.0,3,Worship Facility,23241.0,66.0,789925.875,20.64
Other,1962,1.0,1,Other,155795.0,,18847708.0,255.83
Other,2002,1.0,1,Other,21018.0,,1789470.75,24.62
Other,1998,1.0,1,Other,28631.0,,6193701.5,192.12
Other,1961,1.0,2,Other - Recreation,50000.0,,18163924.0,523.95
Other,1992,1.0,2,Other,33000.0,,2470816.0,41.06
Small- and Mid-Sized Office,1999,1.0,4,Office,38038.0,84.0,2040142.0,13.97
Small- and Mid-Sized Office,2007,1.0,4,Office,41591.0,92.0,2739358.75,77.8
Small- and Mid-Sized Office,1926,1.0,4,Office,22341.0,77.0,1979164.25,13.33
Mixed Use Property,1964,1.0,4,Office,8914.82,41.0,585965.6875,3.94
Other,1966,1.0,1,Other,49680.0,,2890473.75,119.34
Other,1962,1.0,1,Other,36314.0,,1882952.875,44.33
Other,1916,1.0,2,Other - Entertainment/Public Assembly,11888.0,,1230670.25,8.77
Small- and Mid-Sized Office,1919,1.0,4,Office,25500.0,72.0,2223121.25,77.48
Mixed Use Property,1918,1.0,1,Other,8914.82,,5123179.0,143.34
Small- and Mid-Sized Office,1909,1.0,5,Office,68048.0,100.0,1634178.25,14.13
Mixed Use Property,1910,1.0,3,Office,12714.0,,2370772.25,75.99
Small- and Mid-Sized Office,2000,1.0,3,Office,36959.0,13.0,3205182.5,22.46
Small- and Mid-Sized Office,1964,1.0,5,Office,57972.0,68.0,3658985.5,41.22
Small- and Mid-Sized Office,1959,1.0,2,Office,21128.0,97.0,436604.0938,3.04
Mixed Use Property,2008,1.0,4,Hotel,108763.0,,9512996.0,220.26
Small- and Mid-Sized Office,2013,1.0,3,Office,54150.0,,1539066.375,10.73
Hotel,1959,1.0,4,Hotel,38500.0,37.0,2874815.0,75.25
Other,1960,1.0,1,Worship Facility,27338.0,56.0,682542.8125,4.05
Other,1999,1.0,2,Parking,65000.0,,2278550.5,77.76
Small- and Mid-Sized Office,1930,1.0,3,Office,45864.0,94.0,3034554.5,115.43
Other,1999,1.0,2,K-12 School,61099.0,23.0,3870672.5,104.91
Small- and Mid-Sized Office,1987,1.0,3,Office,33176.0,89.0,1513388.25,35.96
Other,1927,1.0,3,Other - Recreation,30095.0,,6014124.0,167.98
Other,1947,1.0,1,Other,31303.0,,3515178.25,111.73
Other,1922,1.0,2,Worship Facility,22688.0,87.0,391818.4063,7.07
Small- and Mid-Sized Office,1982,1.0,2,Office,40738.0,84.0,2001403.875,13.27
Small- and Mid-Sized Office,1953,1.0,2,Office,26580.0,,7588115.5,92.45
Other,2006,1.0,14,Senior Care Community,726000.0,8.0,39120828.0,913.07
Other,1957,1.0,1,Worship Facility,18278.0,96.0,531737.1875,3.71
Small- and Mid-Sized Office,1999,1.0,4,Office,10292.0,,973080.1875,6.35
Other,1950,1.0,1,Other,26660.0,,2241280.5,15.62
Warehouse,1964,1.0,1,Non-Refrigerated Warehouse,35000.0,53.0,378714.4063,2.64
Small- and Mid-Sized Office,1967,1.0,2,Office,24000.0,73.0,1148448.75,7.59
Other,1968,1.0,5,K-12 School,40809.0,38.0,2699616.0,73.26
Other,1954,1.0,2,Senior Care Community,51298.0,85.0,5847878.5,203.73
Warehouse,1979,1.0,1,Non-Refrigerated Warehouse,31600.0,3.0,3731853.25,103.28
Warehouse,2007,1.0,1,Non-Refrigerated Warehouse,35289.0,63.0,1010737.813,23.9
Warehouse,1981,1.0,1,Non-Refrigerated Warehouse,30000.0,50.0,2053772.75,80.09
Warehouse,1978,1.0,1,Non-Refrigerated Warehouse,22176.0,60.0,746905.625,32.77
Small- and Mid-Sized Office,1974,1.0,3,Office,39541.0,38.0,3832168.5,24.88
Other,1979,1.0,1,Other - Recreation,23320.0,,4513728.0,135.81
Other,1980,1.0,2,Medical Office,26930.0,64.0,1002995.0,6.99
Other,1968,1.0,2,Medical Office,65069.0,76.0,3073612.0,49.62
Other,1959,1.0,2,Self-Storage Facility,20296.0,,855665.125,5.97
Mixed Use Property,1945,1.0,2,Medical Office,10388.0,,1365716.125,27.41
Other,1967,1.0,3,Medical Office,35066.0,86.0,1807593.875,53.73
Other,1975,1.0,1,Supermarket/Grocery Store,34982.0,21.0,10821972.0,225.67
Small- and Mid-Sized Office,1927,1.0,3,Office,20000.0,,910117.6875,15.11
Other,1910,1.0,2,Worship Facility,21765.0,80.0,498909.0,17.38
Retail Store,1992,1.0,2,Retail Store,38845.0,82.0,6917280.0,215.56
Other,1953,1.0,1,Supermarket/Grocery Store,25946.0,40.0,8071987.5,173.75
Warehouse,1961,1.0,1,Non-Refrigerated Warehouse,37524.0,,1343671.0,25.09
Retail Store,1958,1.0,2,Retail Store,56193.0,,2580058.5,46.9
Other,1922,1.0,3,K-12 School,35448.0,97.0,1632148.75,60.34
Other,1966,1.0,1,Supermarket/Grocery Store,29214.0,8.0,9558542.0,208.53
Other,2000,1.0,1,Supermarket/Grocery Store,47034.0,34.0,14473242.0,384.85
Other,1961,1.0,1,Other - Recreation,29880.0,,1527101.375,45.38
Mixed Use Property,1910,1.0,2,Other,14840.0,,1111093.0,38.86
Warehouse,1975,1.0,3,Non-Refrigerated Warehouse,31932.0,3.0,3287502.0,78.22
Warehouse,1980,1.0,1,Non-Refrigerated Warehouse,39840.0,2.0,774360.0,5.24
Other,1924,1.0,2,Other,21528.0,,330300.5,6.61
Other,1942,1.0,2,Other,30554.0,,5205994.5,36.77
Retail Store,1996,1.0,1,Retail Store,23500.0,53.0,1149592.0,13.29
Other,1961,1.0,1,Supermarket/Grocery Store,25987.0,35.0,8746499.0,237.54
Small- and Mid-Sized Office,1992,1.0,3,Office,16766.0,,1186733.125,8.42
Small- and Mid-Sized Office,1982,1.0,3,Office,25859.0,88.0,916019.375,14.9
Small- and Mid-Sized Office,2008,1.0,4,Office,33385.0,89.0,1294615.25,9.03
Warehouse,1960,1.0,1,Non-Refrigerated Warehouse,56884.0,71.0,1577967.75,37.49
Other,1980,1.0,3,Self-Storage Facility,30989.0,,98862.89844,0.68
Other,1915,1.0,3,Self-Storage Facility,39952.0,,58114.19922,0.4
Other,1968,1.0,1,Distribution Center,31845.0,,503210.6875,11.08
Small- and Mid-Sized Office,2007,1.0,4,Office,25184.0,96.0,845044.125,5.94
Warehouse,1927,1.0,4,Non-Refrigerated Warehouse,42500.0,100.0,262995.3125,1.68
Small- and Mid-Sized Office,1901,1.0,4,Office,14448.0,,1172535.25,7.82
Other,1900,1.0,3,Other,42850.0,,7536508.5,303.81
Small- and Mid-Sized Office,1968,1.0,2,Office,23500.0,26.0,1745284.25,34.52
Small- and Mid-Sized Office,1966,1.0,1,Office,22282.0,93.0,665681.875,16.67
Small- and Mid-Sized Office,1931,1.0,2,Office,37500.0,58.0,2448649.75,44.26
Other,2004,3.0,2,K-12 School,51515.0,5.0,4277566.0,128.66
Small- and Mid-Sized Office,1983,1.0,4,Office,24008.0,64.0,1286817.375,8.97
Small- and Mid-Sized Office,1983,1.0,4,Office,41707.0,78.0,1785685.5,12.24
Mixed Use Property,1960,1.0,2,Office,20176.0,,2300589.0,42.87
Warehouse,1955,1.0,2,Non-Refrigerated Warehouse,25547.0,9.0,1809734.75,28.28
Other,1932,1.0,1,Other - Entertainment/Public Assembly,53776.0,,3944599.75,121.9
Small- and Mid-Sized Office,1982,1.0,2,Office,27574.0,73.0,1243709.625,8.44
Other,1998,1.0,5,Senior Care Community,43661.0,4.0,4141925.0,82.57
Small- and Mid-Sized Office,1987,1.0,3,Office,76105.0,91.0,2596383.25,17.24
Other,1988,1.0,3,Medical Office,28841.0,55.0,1525049.625,33.42
Other,1977,2.0,2,Self-Storage Facility,31360.0,,129466.8984,0.86
Other,2005,2.0,1,Other - Recreation,30498.0,,2652254.5,80.19
Other,1924,1.0,2,K-12 School,21405.0,92.0,1124454.25,42.96
Other,1920,1.0,2,Other,27144.0,,1138349.25,32.58
Other,1970,4.180000000000064,1,Other,23166.0,,3648465.5,184.6
Other,1979,1.0,2,Medical Office,44667.0,81.0,1633105.375,11.39
Other,1966,4.180000000000064,1,Other,483520.0,85.0,100328264.0,3278.11
Other,1965,1.0,1,Supermarket/Grocery Store,21603.0,16.0,5927199.5,129.89
Other,1971,1.0,1,Other,18262.0,,3315521.5,122.71
Warehouse,1956,1.0,2,Non-Refrigerated Warehouse,25840.0,92.0,310602.3125,2.19
Small- and Mid-Sized Office,1988,1.0,1,Office,43813.0,,1405510.25,43.63
Small- and Mid-Sized Office,2001,1.0,5,Office,44417.0,89.0,2000777.25,19.12
Other,1994,1.0,1,Supermarket/Grocery Store,45522.0,22.0,12559767.0,326.74
Retail Store,1979,1.0,2,Retail Store,16080.0,,337536.0938,2.28
Small- and Mid-Sized Office,1997,1.0,2,Office,40657.0,57.0,2828385.0,23.6
Small- and Mid-Sized Office,1970,1.0,7,Office,54372.0,94.0,1479454.375,9.79
Other,1951,1.0,1,Other,47000.0,,14745217.0,712.39
Other,1945,1.0,0,Medical Office,228133.0,52.0,25358122.0,1110.07
Small- and Mid-Sized Office,1956,1.0,3,Office,19658.0,69.0,1380656.125,62.23
Other,1921,1.0,2,Other,41022.0,,3787648.25,26.41
Other,1966,1.0,2,Other,28109.0,,3612526.75,38.39
Warehouse,1977,1.0,1,Non-Refrigerated Warehouse,21936.0,100.0,116642.5,2.69
Other,1969,1.0,1,Other,30139.0,,1184385.875,44.26
Mixed Use Property,1909,1.0,11,Office,42939.0,,9946297.0,294.65
Other,1997,1.0,1,Other,28347.0,,1594851.25,37.65
Small- and Mid-Sized Office,1959,1.0,3,Office,24155.0,85.0,1481688.75,62.05
Hotel,1928,1.0,6,Hotel,35770.0,56.0,2835357.0,112.34
Hotel,1928,1.0,9,Hotel,48006.0,85.0,3182794.5,101.31
Small- and Mid-Sized Office,1973,1.0,2,Office,20424.0,34.0,3161573.5,110.66
Small- and Mid-Sized Office,1984,1.0,4,Office,36867.0,69.0,2275712.0,24.31
Other,1902,1.0,2,Other,19232.0,,9560583.0,334.15
Other,1952,1.0,1,Distribution Center,41308.0,7.0,1792023.375,38.57
Mixed Use Property,1913,1.0,3,Other,12000.0,,769771.3125,5.37
Other,1912,1.0,3,Other,34976.0,,943354.6875,15.7
Small- and Mid-Sized Office,1989,1.0,3,Office,31325.0,71.0,2398376.5,59.24
Small- and Mid-Sized Office,1959,1.0,4,Office,50333.0,88.0,1761932.5,11.17
Small- and Mid-Sized Office,1986,1.0,4,Office,34160.0,,2638076.5,17.57
Small- and Mid-Sized Office,1969,1.0,3,Office,17332.0,,706926.0,4.65
Small- and Mid-Sized Office,2000,1.0,3,Office,33705.0,73.0,1994967.75,13.91
Other,1957,1.0,2,Worship Facility,24224.0,52.0,1045964.625,26.73
Warehouse,1963,1.0,1,Non-Refrigerated Warehouse,28000.0,,1964681.25,13.7
Other,1917,1.0,1,Other,49000.0,,4504593.5,178.86
Other,1952,1.0,3,Worship Facility,28293.0,,1849185.25,61.3
Other,1959,1.0,1,Supermarket/Grocery Store,42760.0,97.0,2842819.5,55.86
Warehouse,1948,1.0,1,Non-Refrigerated Warehouse,46970.0,,882896.5,6.16
Mixed Use Property,1931,1.0,1,Other,8914.82,,1146510.375,22.29
Small- and Mid-Sized Office,1940,1.0,2,Office,20671.0,98.0,746543.625,24.76
Other,1977,1.0,1,Worship Facility,35844.0,14.0,866126.375,6.04
Mixed Use Property,1900,1.0,2,Office,34550.0,37.0,5381105.0,37.51
Small- and Mid-Sized Office,1900,1.0,2,Office,17526.0,54.0,3999505.25,128.41
Small- and Mid-Sized Office,1906,1.0,3,Office,35693.0,,2805826.0,19.56
Other,1984,1.0,3,Medical Office,20106.0,5.0,1961581.5,13.67
Other,1922,1.0,2,K-12 School,20700.0,47.0,1651553.75,54.24
Other,1931,1.0,2,K-12 School,23923.0,69.0,880687.3125,19.51
Small- and Mid-Sized Office,1907,1.0,3,Office,16000.0,47.0,1808592.0,37.08
Small- and Mid-Sized Office,1963,1.0,2,Office,26899.0,80.0,1301418.875,9.26
Small- and Mid-Sized Office,1999,1.0,3,Office,25500.0,55.0,2085718.125,22.48
Warehouse,1960,1.0,1,Non-Refrigerated Warehouse,53550.0,11.0,5129831.0,174.62
Warehouse,1924,1.0,1,Non-Refrigerated Warehouse,32000.0,62.0,1914443.25,67.05
Other,1930,1.0,1,Self-Storage Facility,25881.0,,607988.1875,3.8
Warehouse,1966,1.0,1,Non-Refrigerated Warehouse,36544.0,5.0,1338475.5,8.85
Warehouse,1949,1.0,1,Non-Refrigerated Warehouse,20796.0,,1573106.75,51.1
Other,1960,1.0,1,Other,24109.0,,4747403.5,33.1
Other,1955,1.0,1,Other,23419.0,,4069301.5,28.37
Warehouse,1985,1.0,1,Non-Refrigerated Warehouse,19373.0,78.0,859387.1875,21.5
Mixed Use Property,1985,1.0,1,Office,11550.0,,4649041.0,157.07
Other,1951,1.0,1,Other,41550.0,94.0,642645.1875,4.48
Other,1994,1.0,2,Other,54170.0,,6052090.0,178.35
Other,1955,1.0,1,Self-Storage Facility,23250.0,,893514.5,13.87
Other,1981,1.0,3,Worship Facility,22895.0,96.0,505585.0,12.92
Other,2006,1.0,6,Self-Storage Facility,48179.0,,837795.8125,12.22
Warehouse,1937,1.0,1,Non-Refrigerated Warehouse,52325.0,67.0,919070.8125,18.03
Retail Store,1944,1.0,1,Retail Store,25880.0,100.0,162960.0,1.14
Warehouse,1960,1.0,1,Non-Refrigerated Warehouse,49802.0,99.0,847703.375,12.55
Warehouse,1945,1.0,1,Non-Refrigerated Warehouse,22972.0,12.0,539778.5,3.45
Warehouse,1953,1.0,1,Non-Refrigerated Warehouse,25649.0,80.0,550746.6875,8.7
Retail Store,1951,1.0,2,Retail Store,22740.0,,1497394.75,40.94
Warehouse,1963,1.0,1,Non-Refrigerated Warehouse,50628.0,,4060714.75,95.93
Other,1959,1.0,1,Distribution Center,24000.0,58.0,918950.6875,15.35
Warehouse,1967,1.0,1,Non-Refrigerated Warehouse,19471.0,,1639903.75,40.01
Mixed Use Property,1954,1.0,1,Non-Refrigerated Warehouse,15000.0,,1840153.25,40.42
Other,1957,1.0,1,Other,25200.0,100.0,1777297.75,59.0
Small- and Mid-Sized Office,1974,1.0,2,Office,24291.0,87.0,920430.625,6.42
Mixed Use Property,2000,1.0,4,Office,11729.0,,975936.5,6.41
Other,1986,1.0,2,Medical Office,20575.0,1.0,2654316.0,18.5
Other,1960,1.0,1,Other,27933.0,,6129780.0,42.73
Small- and Mid-Sized Office,1962,1.0,1,Office,28800.0,73.0,2438706.5,60.12
Warehouse,1952,1.0,1,Non-Refrigerated Warehouse,39600.0,85.0,405050.4063,2.82
Other,1920,1.0,1,Other,31332.0,,3573328.25,24.91
Other,1954,1.0,1,Worship Facility,20484.0,69.0,961253.6875,38.38
Other,1984,1.0,4,Medical Office,21743.0,4.0,1849331.25,12.89
Other,1987,2.0,4,Medical Office,27642.0,,2824096.75,19.69
Small- and Mid-Sized Office,1960,1.0,2,Office,34110.0,31.0,2592728.0,17.87
Warehouse,1970,1.0,1,Non-Refrigerated Warehouse,19430.0,,522972.1875,3.65
Other,1966,1.0,1,Distribution Center,22201.0,19.0,870127.125,8.22
Warehouse,1916,1.0,3,Non-Refrigerated Warehouse,57910.0,41.0,2654698.5,43.17
Warehouse,1989,1.0,1,Non-Refrigerated Warehouse,22992.0,,2810298.5,19.88
Mixed Use Property,1931,1.0,1,Non-Refrigerated Warehouse,18871.0,,1898673.75,27.92
Other,1990,1.0,2,Medical Office,19987.0,36.0,2108861.75,14.7
Other,2009,1.0,3,Other,35115.0,,2053325.25,31.94
Warehouse,1969,1.0,1,Non-Refrigerated Warehouse,18854.0,,1063960.125,18.87
Mixed Use Property,1913,1.0,1,Parking,18000.0,59.0,1280845.875,26.52
Warehouse,1915,1.0,2,Non-Refrigerated Warehouse,43200.0,38.0,2061027.625,49.18
Small- and Mid-Sized Office,1913,1.0,4,Office,42800.0,71.0,3034711.5,46.85
Other,1954,1.0,1,Distribution Center,31476.0,,390592.0,7.74
Other,1965,1.0,1,Supermarket/Grocery Store,35042.0,42.0,9134359.0,219.93
Other,1946,1.0,1,Worship Facility,24295.0,53.0,227074.2969,1.51
Small- and Mid-Sized Office,1967,1.0,2,Office,20317.0,83.0,633770.5,4.33
Other,1973,1.0,1,Supermarket/Grocery Store,24377.0,6.0,10133933.0,260.32
Other,1986,1.0,1,Other,33392.0,,2786648.75,19.43
Warehouse,1966,1.0,1,Non-Refrigerated Warehouse,32040.0,3.0,2340055.75,41.77
Warehouse,1979,1.0,1,Non-Refrigerated Warehouse,29640.0,,1526335.25,43.18
Warehouse,1979,1.0,1,Non-Refrigerated Warehouse,32200.0,,2499644.75,64.75
Warehouse,1979,1.0,1,Non-Refrigerated Warehouse,47800.0,71.0,2567827.75,59.14
Warehouse,1979,1.0,1,Non-Refrigerated Warehouse,27850.0,55.0,1340563.125,39.05
Warehouse,1926,1.0,2,Non-Refrigerated Warehouse,15000.0,69.0,501439.6875,12.17
Other,1955,1.0,2,Other,21870.0,45.0,1067194.5,7.49
Small- and Mid-Sized Office,1970,1.0,3,Office,16855.0,26.0,1196289.375,7.98
Other,2002,1.0,2,Other,28303.0,,3611021.0,92.7
Warehouse,1982,1.0,2,Non-Refrigerated Warehouse,43556.0,80.0,320606.5938,2.15
Mixed Use Property,2004,1.0,5,Office,14452.0,,1080492.375,7.05
Other,1940,1.0,2,College/University,26393.0,,3023468.0,61.68
Warehouse,1941,1.0,1,Non-Refrigerated Warehouse,30889.0,49.0,2315404.0,61.6
Small- and Mid-Sized Office,2000,1.0,3,Office,43473.0,3.0,4416909.5,30.79
Retail Store,1990,1.0,1,Retail Store,40793.0,19.0,3766310.0,35.48
Retail Store,2005,1.0,1,Retail Store,32427.0,79.0,1761050.125,37.61
Mixed Use Property,1926,1.0,1,Other,12000.0,,3705229.5,152.14
Small- and Mid-Sized Office,1910,1.0,5,Office,32250.0,92.0,866241.875,11.44
Other,1935,1.0,2,Other - Entertainment/Public Assembly,11815.0,,1051152.375,17.45
Small- and Mid-Sized Office,1920,1.0,2,Office,20150.0,80.0,592196.6875,4.02
Warehouse,1938,1.0,2,Non-Refrigerated Warehouse,24300.0,,2880753.0,96.62
Warehouse,1926,1.0,1,Non-Refrigerated Warehouse,20000.0,18.0,877874.875,33.52
Other,2009,1.0,6,Senior Care Community,244500.0,100.0,11314740.0,292.8
Warehouse,1932,1.0,1,Non-Refrigerated Warehouse,22752.0,,109471.7969,0.75
Other,2009,1.0,3,Parking,84710.0,,3363692.75,22.62
Retail Store,1964,1.0,1,Retail Store,37247.0,69.0,1988034.875,58.36
Retail Store,1993,1.0,1,Retail Store,23468.0,11.0,3207111.5,77.23
Warehouse,1900,1.0,2,Non-Refrigerated Warehouse,32000.0,34.0,671037.375,25.15
Retail Store,1966,1.0,1,Retail Store,28734.0,88.0,12869714.0,413.1
Retail Store,1998,1.0,2,Retail Store,14168.0,15.0,1652954.75,11.69
Other,1980,1.0,1,Supermarket/Grocery Store,28470.0,27.0,6194518.0,42.24
Retail Store,1980,1.0,2,Retail Store,19271.0,25.0,1955353.0,13.22
Other,1928,1.0,2,Worship Facility,24120.0,66.0,1024822.188,31.54
Other,1929,1.0,3,Worship Facility,28970.0,88.0,1342448.875,51.15
Warehouse,1964,1.0,1,Non-Refrigerated Warehouse,33462.0,1.0,1386445.375,9.67
Other,1962,1.0,3,Other,34733.0,,4653535.0,32.44
Other,1991,1.0,2,Other,29640.0,,8224244.0,298.91
Other,1996,1.0,4,Self-Storage Facility,38959.0,,963968.1875,23.84
Warehouse,1928,1.0,2,Non-Refrigerated Warehouse,14150.0,,1218112.0,8.49
Other,1960,1.0,1,Other,25406.0,,2484501.5,41.96
Small- and Mid-Sized Office,1967,1.0,2,Office,22014.0,55.0,888432.5,6.3
Warehouse,1960,1.0,1,Non-Refrigerated Warehouse,30000.0,32.0,3246531.0,120.72
Mixed Use Property,2009,1.0,39,Other,311521.0,65.0,26932200.0,449.59
Other,1959,1.0,2,College/University,101035.0,,17612938.0,588.25
Other,1967,1.0,1,Other,22000.0,,2408141.75,17.22
Warehouse,1962,1.0,1,Non-Refrigerated Warehouse,33000.0,12.0,3344952.0,125.59
Warehouse,1956,1.0,1,Non-Refrigerated Warehouse,31184.0,75.0,1163530.25,36.82
Other,1906,1.0,1,Worship Facility,26440.0,91.0,826275.1875,27.93
Other,1956,1.0,2,Self-Storage Facility,28800.0,,1266706.875,29.44
Other,2009,4.0,2,K-12 School,31100.0,92.0,1300765.5,28.64
Other,1978,1.0,2,Other,13592.0,,3717064.0,97.27
Other,1921,1.0,2,Other - Entertainment/Public Assembly,26300.0,,3711173.0,116.94
Small- and Mid-Sized Office,1949,1.0,3,Office,21915.0,77.0,840549.375,5.86
Small- and Mid-Sized Office,1965,1.0,4,Office,29255.0,30.0,3840161.75,101.21
Other,1900,1.0,1,Worship Facility,21850.0,100.0,359962.5938,13.09
Mixed Use Property,1997,1.0,4,Other,12600.0,,1500695.375,34.62
Large Office,1983,1.0,13,Office,162422.0,,9691704.0,66.32
Hotel,1914,1.0,4,Hotel,45500.0,77.0,2934339.25,122.0
Small- and Mid-Sized Office,1900,1.0,4,Office,26639.0,,1355968.5,18.76
Warehouse,1968,1.0,2,Non-Refrigerated Warehouse,19749.0,,3930355.5,50.05
Small- and Mid-Sized Office,1900,1.0,3,Office,28142.0,96.0,911154.125,34.08
Other,1926,1.0,2,Other,36280.0,,4489734.5,69.53
Small- and Mid-Sized Office,1917,1.0,3,Office,29720.0,,1361277.25,25.53
Retail Store,1916,1.0,2,Retail Store,36940.0,100.0,336745.4063,2.35
Small- and Mid-Sized Office,1913,1.0,3,Office,22866.0,,1213909.875,20.76
Other,1962,1.0,2,Other,27022.0,,5078204.0,35.4
Hotel,1908,1.0,3,Hotel,21600.0,,4644346.0,190.45
Small- and Mid-Sized Office,1979,1.0,3,Office,24227.0,2.0,3605755.5,25.14
Other,1969,1.0,6,Senior Care Community,69035.0,1.0,7437745.0,183.79
Other,1900,1.0,1,Worship Facility,28725.0,,1259282.25,65.05
Warehouse,1960,1.0,1,Non-Refrigerated Warehouse,24000.0,,342696.3125,8.61
Small- and Mid-Sized Office,1989,1.0,7,Office,25884.0,,1552850.625,10.31
Other,1961,1.0,3,Other - Entertainment/Public Assembly,22960.0,,2447325.5,95.38
Other,1998,1.0,1,Supermarket/Grocery Store,44739.0,17.0,15006878.0,393.07
Other,1956,1.0,2,Worship Facility,21052.0,20.0,1000251.875,37.28
Other,1959,1.0,1,Other - Entertainment/Public Assembly,25753.0,,1612521.0,62.51
Other,1928,1.0,3,Other - Recreation,71280.0,,23204450.0,861.85
Mixed Use Property,2009,1.0,19,Office,319361.0,87.0,27917688.0,393.29
Other,1981,1.0,4,Other,15200.0,,1778251.875,49.79
Other,1994,1.0,3,Self-Storage Facility,66720.0,,742571.5,18.81
Other,1950,1.0,1,Other,34000.0,,3823703.75,58.79
Other,1938,1.0,2,K-12 School,15006.0,62.0,1331981.25,55.06
Mixed Use Property,1924,1.0,2,Other,8914.82,,2800725.0,91.69
Other,1904,1.0,3,K-12 School,48783.0,52.0,3928621.25,121.63
Other,1980,1.0,3,Other,25000.0,61.0,1469861.875,10.04
Small- and Mid-Sized Office,1960,1.0,2,Office,25481.0,92.0,1052797.5,38.59
Other,1967,1.0,1,Senior Care Community,141297.0,76.0,20378838.0,717.93
Small- and Mid-Sized Office,1912,1.0,2,Office,32610.0,73.0,2127889.25,35.99
Hotel,1990,1.0,4,Hotel,41704.0,73.0,1974631.125,58.52
Warehouse,1941,1.0,2,Non-Refrigerated Warehouse,21000.0,53.0,723060.1875,22.33
Other,1946,1.0,2,Other - Entertainment/Public Assembly,32000.0,,1886366.625,39.65
Small- and Mid-Sized Office,1922,1.0,3,Office,13175.0,84.0,1103795.25,12.57
Other,1961,1.0,2,Senior Care Community,56000.0,98.0,6412428.0,203.21
Other,1954,1.0,1,Senior Care Community,22583.0,95.0,2123591.75,70.92
Warehouse,1972,1.0,1,Non-Refrigerated Warehouse,25000.0,69.0,227509.5,1.59
Hotel,1992,1.0,3,Hotel,22452.0,85.0,1269576.0,41.88
Other,1912,1.0,2,Other,17434.0,22.0,1620383.625,11.02
Retail Store,1953,1.0,4,Retail Store,14585.0,75.0,1904055.75,38.21
Other,1927,1.0,2,Worship Facility,62400.0,,2846592.0,87.41
Warehouse,1979,1.0,2,Non-Refrigerated Warehouse,41275.0,38.0,4311327.5,48.13
Other,1957,1.0,1,Supermarket/Grocery Store,31174.0,29.0,9450746.0,226.73
Other,1950,1.0,1,Supermarket/Grocery Store,25828.0,37.0,7798479.5,156.18
Mixed Use Property,1976,1.0,2,Other,19183.0,17.0,1223177.375,8.09
Small- and Mid-Sized Office,1998,1.0,3,Office,20434.0,,6197824.5,43.21
Small- and Mid-Sized Office,1900,1.0,1,Office,20880.0,94.0,683274.0,4.76
Small- and Mid-Sized Office,1929,1.0,4,Office,32039.0,,5683758.0,185.33
Other,2010,1.0,2,Medical Office,25880.0,8.0,1956483.5,19.81
Other,1927,1.0,3,Worship Facility,32098.0,,1191549.25,37.43
Other,1950,1.0,3,Worship Facility,63922.0,83.0,1689227.75,47.03
Small- and Mid-Sized Office,1965,1.0,4,Office,40768.0,96.0,1507071.5,28.46
Other,1978,1.0,2,Worship Facility,27500.0,60.0,654455.1875,14.79
Small- and Mid-Sized Office,1930,1.0,2,Office,22000.0,90.0,541943.3125,3.78
Small- and Mid-Sized Office,1905,1.0,5,Office,44000.0,92.0,1664247.375,26.94
Other,1904,1.0,6,Other,29820.0,,1624991.375,35.72
Hotel,1925,1.0,4,Hotel,23193.0,49.0,5153234.0,173.67
Small- and Mid-Sized Office,2007,1.0,3,Office,26282.0,23.0,2250450.5,15.25
Small- and Mid-Sized Office,1909,1.0,3,Office,23059.0,,1439572.375,10.04
Retail Store,1917,1.0,2,Retail Store,13500.0,100.0,1031447.625,6.73
Other,1908,1.0,3,Other,13364.0,,1028277.313,34.61
Other,1924,1.0,3,Other,20686.0,,1321763.125,42.71
Other,1929,1.0,3,Other,22124.0,82.0,652060.0,4.45
Other,1926,1.0,4,Other,23616.0,55.0,1771038.0,53.65
Other,1976,1.0,3,Other,33448.0,78.0,1073833.25,6.96
Other,1987,1.0,2,Senior Care Community,74840.0,48.0,8485438.0,249.46
Other,1921,1.0,3,College/University,26000.0,,2737986.0,96.2
Other,1950,1.0,2,Other - Recreation,18489.0,,1816709.0,56.25
Other,1997,1.0,1,Supermarket/Grocery Store,30899.0,,13584036.0,404.21
Warehouse,1960,1.0,1,Non-Refrigerated Warehouse,41256.0,33.0,1529218.125,29.7
Small- and Mid-Sized Office,1969,1.0,1,Office,19785.0,66.0,1394293.5,27.06
Warehouse,1976,1.0,1,Non-Refrigerated Warehouse,21040.0,43.0,657383.1875,19.14
Warehouse,1951,1.0,2,Non-Refrigerated Warehouse,30000.0,52.0,1539819.875,46.61
Other,1974,1.0,1,Distribution Center,25620.0,82.0,652579.875,20.46
Warehouse,1992,1.0,3,Non-Refrigerated Warehouse,33238.0,14.0,1632472.0,11.38
Large Office,2000,1.0,6,Office,222807.0,82.0,13473994.0,92.52
Other,1998,1.0,1,Supermarket/Grocery Store,31746.0,22.0,8992072.0,206.33
Mixed Use Property,1961,1.0,2,Non-Refrigerated Warehouse,18400.0,,2477406.25,93.55
Other,1948,1.0,2,Other,47661.0,,5996179.5,41.7
Other,1997,1.0,1,Supermarket/Grocery Store,41447.0,18.0,14368231.0,364.27
Other,1938,1.0,3,Worship Facility,26373.0,75.0,1172287.125,38.18
Mixed Use Property,1947,1.0,2,Other - Entertainment/Public Assembly,8914.82,,1607972.25,51.89
Other,1921,1.0,3,Distribution Center,23040.0,,472415.4063,2.94
Other,1956,1.0,2,Other,34856.0,,5400237.5,37.97
Warehouse,1977,1.0,1,Non-Refrigerated Warehouse,14314.0,,404484.4063,2.62
Warehouse,1953,1.0,1,Non-Refrigerated Warehouse,27420.0,34.0,1129170.375,29.39
Other,1948,1.0,2,Other,28120.0,,1915150.75,67.15
Warehouse,1972,1.0,1,Non-Refrigerated Warehouse,23232.0,,127374.0,0.89
Warehouse,1974,1.0,1,Non-Refrigerated Warehouse,32546.0,100.0,1092979.75,17.65
Other,1961,1.0,1,Other,13349.0,,883072.875,14.19
Warehouse,1974,1.0,1,Non-Refrigerated Warehouse,42844.0,89.0,412764.8125,2.82
Small- and Mid-Sized Office,1995,1.0,3,Office,20410.0,8.0,2827857.0,77.84
Small- and Mid-Sized Office,1983,1.0,3,Office,18396.0,87.0,624125.625,4.35
Other,2002,1.0,1,Worship Facility,24955.0,47.0,773357.0,21.87
Other,1991,1.0,3,Other,34074.0,,8652913.0,286.33
Other,1988,1.0,2,K-12 School,32961.0,86.0,1719595.125,62.94
Other,2004,1.0,1,Other,12806.0,,1155795.125,26.67
Other,1911,1.0,3,Other,25200.0,,1407294.875,53.02
Other,1996,1.0,1,Supermarket/Grocery Store,46978.0,56.0,11943740.0,338.58
Mixed Use Property,1912,1.0,3,Office,12000.0,,952583.5,9.09
Small- and Mid-Sized Office,1920,1.0,3,Office,23422.0,65.0,2902229.0,128.07
Other,1975,4.180000000000064,2,Other,38879.0,,3564727.5,28.79
Mixed Use Property,1998,1.0,5,Other,22486.0,93.0,3518099.75,83.65
Small- and Mid-Sized Office,1925,1.0,2,Office,13917.0,97.0,1002986.375,7.31
Other,1924,1.0,2,Other,32580.0,,1623657.0,11.32
Retail Store,2000,1.0,3,Retail Store,54969.0,67.0,3770784.25,39.31
Small- and Mid-Sized Office,1958,1.0,3,Office,31822.0,73.0,2223401.5,54.02
Other,1953,1.0,2,Worship Facility,31805.0,10.0,1888861.125,68.39
Warehouse,1967,1.0,2,Non-Refrigerated Warehouse,12644.0,1.0,2235498.0,66.43
Other,1970,1.0,1,Other,43452.0,,9844836.0,119.76
Other,1971,1.0,1,Distribution Center,28320.0,1.0,4403066.5,67.96
Small- and Mid-Sized Office,1982,1.0,3,Office,19232.0,82.0,769771.8125,5.07
Small- and Mid-Sized Office,1988,1.0,2,Office,13600.0,7.0,1964622.625,38.71
Other,1985,1.0,2,Other,29527.0,,10148279.0,255.97
Warehouse,1965,1.0,1,Non-Refrigerated Warehouse,30800.0,65.0,485971.0,3.39
Mixed Use Property,1900,1.0,3,Other,11084.0,,1904848.25,49.44
Large Office,2000,1.0,11,Office,268130.0,88.0,15033874.0,106.86
Small- and Mid-Sized Office,2000,1.0,11,Office,61665.0,79.0,3979629.5,26.37
Large Office,2000,1.0,11,Office,281566.0,88.0,14709151.0,102.54
Other,1924,1.0,3,K-12 School,97500.0,97.0,4314753.5,156.45
Small- and Mid-Sized Office,1982,1.0,5,Office,54015.0,75.0,3020001.5,21.05
Other,2013,2.0,1,College/University,67750.0,,3778965.75,89.8
Other,2006,1.0,5,College/University,84300.0,,12581302.0,441.94
Retail Store,1991,1.0,3,Retail Store,103000.0,89.0,5390147.5,81.18
Other,2008,1.0,1,Supermarket/Grocery Store,37864.0,61.0,8257472.5,176.75
Other,1950,1.0,2,Supermarket/Grocery Store,66497.0,84.0,9290214.0,72.02
Retail Store,2006,1.0,4,Retail Store,38428.0,,3611326.75,24.82
Other,2006,1.0,4,Supermarket/Grocery Store,45980.0,79.0,8573323.0,193.36
Other,1991,1.0,1,Other,45000.0,,3769240.5,137.66
Other,1999,1.0,6,Parking,432903.0,,14658050.0,295.42
Warehouse,1940,1.0,0,Non-Refrigerated Warehouse,349953.0,69.0,16139557.0,391.7
Other,1960,1.0,0,Medical Office,28050.0,32.0,2279632.5,32.72
Small- and Mid-Sized Office,1985,1.0,6,Office,92723.0,84.0,4483478.0,30.03
Mixed Use Property,1966,4.180000000000064,1,Office,41097.0,,9271981.0,270.63
Other,2011,1.0,1,Supermarket/Grocery Store,51841.0,74.0,12081430.0,303.69
Small- and Mid-Sized Office,1993,1.0,1,Office,26263.0,64.0,1671740.25,11.4
Other,2000,1.0,8,Other,181930.0,,55068016.0,2549.47
Large Office,2005,1.0,4,Office,88698.0,,41225944.0,537.03
Other,2003,1.0,4,Supermarket/Grocery Store,33997.0,23.0,9086338.0,94.63
Other,1929,4.180000000000064,0,Other - Recreation,564258.0,,20672948.0,549.11
Other,2012,1.0,2,Other,53575.0,,31803568.0,619.9
Large Office,2012,1.0,6,Office,157345.0,63.0,11666007.0,92.07
Other,2012,1.0,7,Other,188118.0,72.0,9286532.0,191.97
Other,2012,2.0,2,Other,138602.0,,5574345.0,38.17
Other,2012,1.0,7,Other,160482.0,,42715544.0,1597.56
Other,2013,1.0,8,Other,241500.0,58.0,57764408.0,1789.69
Retail Store,1918,1.0,3,Retail Store,24588.0,67.0,4085534.75,144.41
Other,1987,1.0,6,Other,146363.0,,12145596.0,325.94
Other,2011,1.0,1,Supermarket/Grocery Store,67263.0,78.0,15210667.0,352.77
Other,2008,1.0,2,Worship Facility,70292.0,37.0,2145036.25,57.59
Other,1975,1.0,7,Other,60000.0,100.0,41680640.0,290.57
Other,2014,1.0,2,K-12 School,38000.0,22.0,2962615.25,51.59
Small- and Mid-Sized Office,2013,1.0,3,Office,47000.0,67.0,2626698.25,20.1
Other,2013,1.0,6,Senior Care Community,79805.0,25.0,7692164.0,184.81
Other,2014,1.0,2,K-12 School,63500.0,82.0,1695022.25,22.76
Other,2013,1.0,6,Other,318986.0,,26532170.0,809.76
Large Office,2014,1.0,7,Office,191333.0,,4644839.5,42.2
Other,2014,1.0,2,Other,24520.0,,544172.375,16.13
Other,2013,1.0,1,Other - Recreation,35361.0,,12442613.0,457.51
Other,1993,1.0,2,College/University,99765.0,,3372443.75,74.3
Other,1925,1.0,3,College/University,472384.0,,38977108.0,1280.81
Other,1920,1.0,8,Other,886524.7200000013,74.0,167207104.0,6330.91
Other,1989,1.0,3,Senior Care Community,38800.0,,2842128.0,58.28
Other,2010,1.0,8,Supermarket/Grocery Store,41198.0,44.0,7785876.5,82.58
Other,2014,1.0,1,Other,20983.0,,961628.625,10.8
Other,2009,1.0,0,Other,40265.0,,2261075.5,51.39
Other,1969,1.0,4,College/University,58779.0,,0.0,25.93
Other,2011,1.0,0,Other,176225.0,91.0,5209463.5,103.65
Other,1998,1.0,6,College/University,203030.0,,0.0,199.48
Other,1953,1.0,0,Other,166991.0,19.0,16591973.0,437.2
Other,1970,1.0,0,Other,89392.0,16.0,7483350.0,48.53
Other,2011,1.0,0,Other,97040.0,69.0,4075094.5,62.41
Large Office,2014,1.0,6,Office,427181.0,99.0,16810854.0,213.7
Small- and Mid-Sized Office,2015,1.0,5,Office,25927.0,,2346692.5,65.01
Large Office,2015,1.0,10,Office,359040.0,,18760766.0,214.19
Hotel,2015,1.0,14,Hotel,159500.0,89.0,5547964.5,50.32
Large Office,2014,1.0,12,Office,341897.0,99.0,12926544.0,147.14
Mixed Use Property,2014,1.0,2,Office,11745.0,,670291.0,4.38
Other,2015,1.0,2,Parking,202171.0,,5298717.5,91.98
Large Office,2015,1.0,12,Office,342173.0,98.0,14409447.0,202.12
Warehouse,1955,1.0,1,Non-Refrigerated Warehouse,52085.0,37.0,4182621.75,157.7
Small- and Mid-Sized Office,1929,1.0,2,Office,24990.0,9.0,4731813.5,134.8
Other,2013,1.0,1,Other - Recreation,72000.0,,3198858.0,67.65
Mixed Use Property,2015,1.0,6,Other,151523.0,,41078600.0,1000.06
Other,1962,1.0,1,College/University,68916.0,,3180819.25,22.17
Mixed Use Property,2005,1.0,1,Other - Recreation,9900.0,,636965.5,4.44
Other,2013,1.0,1,Other,11685.0,,969142.0,29.18
Other,1911,1.0,1,Other - Recreation,8914.82,,990545.5,24.73
Other,1972,1.0,1,Other - Recreation,10912.0,,5370263.5,216.18
Other,1912,1.0,1,Other - Recreation,23445.0,,6716330.0,259.22
Other,1982,1.0,1,Other - Recreation,18261.0,,1025432.125,20.33
Other,2004,1.0,1,Other - Recreation,16000.0,,1053705.75,32.17
Other,1974,1.0,1,Other - Recreation,8914.82,,6053764.5,223.54
Mixed Use Property,1989,1.0,1,Other - Recreation,8914.82,,782841.3125,22.11
Mixed Use Property,1938,1.0,1,Other - Recreation,8914.82,,1293722.375,41.27
